MapDate,StateAbbreviation,None,D0,D1,D2,D3,D4,ValidStart,ValidEnd,StatisticFormatID
20210413,CA,0.78,5.09,17.16,38.29,33.32,5.36,4/13/2021,4/19/2021,2
20210406,CA,0.77,6.58,22.97,34.27,30.06,5.36,4/6/2021,4/12/2021,2
20210330,CA,0.77,8.57,26.64,32.26,26.4,5.36,3/30/2021,4/5/2021,2
20210323,CA,0.7,8.64,26.64,32.26,26.4,5.36,3/23/2021,3/29/2021,2
20210316,CA,0.78,8.6,32.03,29.05,25.79,3.75,3/16/2021,3/22/2021,2
20210309,CA,0.75,8.36,32.3,29.05,25.79,3.75,3/9/2021,3/15/2021,2
20210302,CA,0.75,8.36,33.91,27.44,25.79,3.75,3/2/2021,3/8/2021,2
20210223,CA,0.7,14.41,27.9,27.44,25.79,3.75,2/23/2021,3/1/2021,2
20210216,CA,0.7,14.41,27.3,26.59,27.24,3.75,2/16/2021,2/22/2021,2
20210209,CA,0.64,14.26,27.23,26.46,27.66,3.75,2/9/2021,2/15/2021,2
20210202,CA,0,14.01,27.54,26.79,27.9,3.75,2/2/2021,2/8/2021,2
20210126,CA,0,4.8,19.46,36.28,35.6,3.86,1/26/2021,2/1/2021,2
20210119,CA,0,4.8,17.08,38.66,38.27,1.19,1/19/2021,1/25/2021,2
20210112,CA,0,4.8,16.1,39.6,38.31,1.19,1/12/2021,1/18/2021,2
20210105,CA,0,4.8,20.85,40.51,32.65,1.19,1/5/2021,1/11/2021,2
20201229,CA,0,4.83,20.82,40.59,32.56,1.19,12/29/2020,1/4/2021,2
20201222,CA,0,4.83,20.82,40.59,32.56,1.19,12/22/2020,12/28/2020,2
20201215,CA,0,4.83,20.82,40.59,32.56,1.19,12/15/2020,12/21/2020,2
20201208,CA,0,4.83,28.38,45.5,21.3,0,12/8/2020,12/14/2020,2
20201201,CA,3.46,21.51,26.84,28.83,19.36,0,12/1/2020,12/7/2020,2
20201124,CA,3.5,21.47,26.84,28.83,19.36,0,11/24/2020,11/30/2020,2
20201117,CA,15.61,13.47,29.66,25.42,15.83,0,11/17/2020,11/23/2020,2
20201110,CA,15.48,13.61,29.66,25.42,15.83,0,11/10/2020,11/16/2020,2
20201103,CA,15.48,16.98,31.93,22.87,12.74,0,11/3/2020,11/9/2020,2
20201027,CA,15.4,17.06,31.93,22.87,12.74,0,10/27/2020,11/2/2020,2
20201020,CA,15.4,17.06,31.93,22.87,12.74,0,10/20/2020,10/26/2020,2
20201013,CA,15.4,17.06,31.93,22.87,12.74,0,10/13/2020,10/19/2020,2
20201006,CA,15.4,17.06,31.93,22.87,12.74,0,10/6/2020,10/12/2020,2
20200929,CA,15.35,17,32.03,22.88,12.74,0,9/29/2020,10/5/2020,2
20200922,CA,15.62,17.29,31.82,31.88,3.39,0,9/22/2020,9/28/2020,2
20200915,CA,15.62,17.29,31.83,32.09,3.17,0,9/15/2020,9/21/2020,2
20200908,CA,20.45,25.37,21.21,29.93,3.04,0,9/8/2020,9/14/2020,2
20200901,CA,20.39,25.23,22.6,28.74,3.04,0,9/1/2020,9/7/2020,2
20200825,CA,20.55,25.07,22.49,28.84,3.04,0,8/25/2020,8/31/2020,2
20200818,CA,20.55,25.24,32.5,18.67,3.04,0,8/18/2020,8/24/2020,2
20200811,CA,33.74,15.87,28.67,18.67,3.04,0,8/11/2020,8/17/2020,2
20200804,CA,33.74,15.88,28.88,18.45,3.04,0,8/4/2020,8/10/2020,2
20200728,CA,40.34,9.28,28.88,18.45,3.04,0,7/28/2020,8/3/2020,2
20200721,CA,40.34,11.44,26.71,18.45,3.04,0,7/21/2020,7/27/2020,2
20200714,CA,40.38,11.43,26.69,19.05,2.45,0,7/14/2020,7/20/2020,2
20200707,CA,41.79,11.47,25.9,18.39,2.45,0,7/7/2020,7/13/2020,2
20200630,CA,41.79,11.47,25.9,18.39,2.45,0,6/30/2020,7/6/2020,2
20200623,CA,41.79,11.47,25.9,18.39,2.45,0,6/23/2020,6/29/2020,2
20200616,CA,41.79,11.47,25.9,18.39,2.45,0,6/16/2020,6/22/2020,2
20200609,CA,41.79,11.47,25.9,18.39,2.45,0,6/9/2020,6/15/2020,2
20200602,CA,41.8,11.53,25.83,17.87,2.97,0,6/2/2020,6/8/2020,2
20200526,CA,41.8,11.53,25.83,17.87,2.97,0,5/26/2020,6/1/2020,2
20200519,CA,41.8,11.53,25.83,17.87,2.97,0,5/19/2020,5/25/2020,2
20200512,CA,41.8,11.53,25.83,17.85,2.99,0,5/12/2020,5/18/2020,2
20200505,CA,41.8,15.33,23.31,15.62,3.94,0,5/5/2020,5/11/2020,2
20200428,CA,41.8,16.61,21.99,14.93,4.66,0,4/28/2020,5/4/2020,2
20200421,CA,41.8,22.5,16.11,14.93,4.66,0,4/21/2020,4/27/2020,2
20200414,CA,41.8,22.5,22.87,12.83,0,0,4/14/2020,4/20/2020,2
20200407,CA,32.29,24.4,42.02,1.3,0,0,4/7/2020,4/13/2020,2
20200331,CA,24.86,31.82,42.02,1.3,0,0,3/31/2020,4/6/2020,2
20200324,CA,24.86,34.72,39.12,1.3,0,0,3/24/2020,3/30/2020,2
20200317,CA,24.64,27.77,46.32,1.26,0,0,3/17/2020,3/23/2020,2
20200310,CA,21.5,30.41,48.09,0,0,0,3/10/2020,3/16/2020,2
20200303,CA,30.26,35.58,34.16,0,0,0,3/3/2020,3/9/2020,2
20200225,CA,30.26,46.4,23.34,0,0,0,2/25/2020,3/2/2020,2
20200218,CA,40.02,50.44,9.54,0,0,0,2/18/2020,2/24/2020,2
20200211,CA,53.85,36.61,9.54,0,0,0,2/11/2020,2/17/2020,2
20200204,CA,65.72,34.28,0,0,0,0,2/4/2020,2/10/2020,2
20200128,CA,65.72,34.28,0,0,0,0,1/28/2020,2/3/2020,2
20200121,CA,96.39,3.61,0,0,0,0,1/21/2020,1/27/2020,2
20200114,CA,96.39,3.61,0,0,0,0,1/14/2020,1/20/2020,2
20200107,CA,96.43,3.57,0,0,0,0,1/7/2020,1/13/2020,2
20191231,CA,96.43,3.57,0,0,0,0,12/31/2019,1/6/2020,2
20191224,CA,96.43,3.57,0,0,0,0,12/24/2019,12/30/2019,2
20191217,CA,96.43,3.57,0,0,0,0,12/17/2019,12/23/2019,2
20191210,CA,96.43,3.57,0,0,0,0,12/10/2019,12/16/2019,2
20191203,CA,14.74,85.25,0.01,0,0,0,12/3/2019,12/9/2019,2
20191126,CA,9.22,87.47,3.3,0.01,0,0,11/26/2019,12/2/2019,2
20191119,CA,18.55,77.86,3.58,0.01,0,0,11/19/2019,11/25/2019,2
20191112,CA,18.61,77.81,3.57,0.01,0,0,11/12/2019,11/18/2019,2
20191105,CA,82.26,15.68,2.06,0,0,0,11/5/2019,11/11/2019,2
20191029,CA,82.26,15.67,2.06,0,0,0,10/29/2019,11/4/2019,2
20191022,CA,82.26,15.67,2.06,0,0,0,10/22/2019,10/28/2019,2
20191015,CA,85.4,12.54,2.06,0,0,0,10/15/2019,10/21/2019,2
20191008,CA,95.29,2.64,2.06,0,0,0,10/8/2019,10/14/2019,2
20191001,CA,95.29,2.64,2.06,0,0,0,10/1/2019,10/7/2019,2
20190924,CA,89.73,8.21,2.06,0,0,0,9/24/2019,9/30/2019,2
20190917,CA,89.61,8.33,2.06,0,0,0,9/17/2019,9/23/2019,2
20190910,CA,90.94,7.96,1.09,0.01,0,0,9/10/2019,9/16/2019,2
20190903,CA,90.94,7.97,1.09,0,0,0,9/3/2019,9/9/2019,2
20190827,CA,90.94,7.96,1.09,0,0,0,8/27/2019,9/2/2019,2
20190820,CA,93.27,6.73,0,0,0,0,8/20/2019,8/26/2019,2
20190813,CA,94.07,5.93,0,0,0,0,8/13/2019,8/19/2019,2
20190806,CA,95.55,4.45,0,0,0,0,8/6/2019,8/12/2019,2
20190730,CA,95.68,4.32,0,0,0,0,7/30/2019,8/5/2019,2
20190723,CA,95.68,4.32,0,0,0,0,7/23/2019,7/29/2019,2
20190716,CA,95.68,4.32,0,0,0,0,7/16/2019,7/22/2019,2
20190709,CA,95.68,4.32,0,0,0,0,7/9/2019,7/15/2019,2
20190702,CA,95.68,4.32,0,0,0,0,7/2/2019,7/8/2019,2
20190625,CA,95.68,4.32,0,0,0,0,6/25/2019,7/1/2019,2
20190618,CA,95.68,4.32,0,0,0,0,6/18/2019,6/24/2019,2
20190611,CA,95.68,4.32,0,0,0,0,6/11/2019,6/17/2019,2
20190604,CA,95.68,4.32,0,0,0,0,6/4/2019,6/10/2019,2
20190528,CA,94.03,5.97,0,0,0,0,5/28/2019,6/3/2019,2
20190521,CA,94.03,5.97,0,0,0,0,5/21/2019,5/27/2019,2
20190514,CA,94.03,5.97,0,0,0,0,5/14/2019,5/20/2019,2
20190507,CA,94.03,5.97,0,0,0,0,5/7/2019,5/13/2019,2
20190430,CA,94.03,5.97,0,0,0,0,4/30/2019,5/6/2019,2
20190423,CA,94.03,5.97,0,0,0,0,4/23/2019,4/29/2019,2
20190416,CA,94.03,5.97,0,0,0,0,4/16/2019,4/22/2019,2
20190409,CA,94.03,5.97,0,0,0,0,4/9/2019,4/15/2019,2
20190402,CA,93.42,6.58,0,0,0,0,4/2/2019,4/8/2019,2
20190326,CA,93.42,6.58,0,0,0,0,3/26/2019,4/1/2019,2
20190319,CA,93.42,6.58,0,0,0,0,3/19/2019,3/25/2019,2
20190312,CA,93.42,6.58,0,0,0,0,3/12/2019,3/18/2019,2
20190305,CA,89.84,9.56,0.6,0,0,0,3/5/2019,3/11/2019,2
20190226,CA,87.17,10.5,2.33,0,0,0,2/26/2019,3/4/2019,2
20190219,CA,67.07,29.16,2.4,1.36,0,0,2/19/2019,2/25/2019,2
20190212,CA,36.77,52.68,8.92,1.63,0,0,2/12/2019,2/18/2019,2
20190205,CA,34.37,55.08,8.67,1.89,0,0,2/5/2019,2/11/2019,2
20190129,CA,23.93,52.41,21.77,1.89,0,0,1/29/2019,2/4/2019,2
20190122,CA,7.77,20,68.79,2.73,0.71,0,1/22/2019,1/28/2019,2
20190115,CA,7.77,17.06,69.62,4.83,0.71,0,1/15/2019,1/21/2019,2
20190108,CA,7.77,17.06,61.05,12.57,1.55,0,1/8/2019,1/14/2019,2
20190101,CA,7.77,17.06,61.05,12.01,2.1,0,1/1/2019,1/7/2019,2
20181225,CA,7.77,17.06,58.92,14.14,2.1,0,12/25/2018,12/31/2018,2
20181218,CA,7.77,17.06,58.29,14.77,2.1,0,12/18/2018,12/24/2018,2
20181211,CA,7.77,17.06,58.29,14.77,2.1,0,12/11/2018,12/17/2018,2
20181204,CA,7.77,12.54,61.36,14.55,3.78,0,12/4/2018,12/10/2018,2
20181127,CA,0,16.34,65.32,14.55,3.78,0,11/27/2018,12/3/2018,2
20181120,CA,0,22.38,59.26,14.58,3.78,0,11/20/2018,11/26/2018,2
20181113,CA,0,46.8,34.84,15.97,2.39,0,11/13/2018,11/19/2018,2
20181106,CA,0,48.08,33.56,15.97,2.39,0,11/6/2018,11/12/2018,2
20181030,CA,15.16,36.9,28.64,16.57,2.73,0,10/30/2018,11/5/2018,2
20181023,CA,15.16,36.9,28.64,16.57,2.73,0,10/23/2018,10/29/2018,2
20181016,CA,15.16,36.9,25.17,19.9,2.87,0,10/16/2018,10/22/2018,2
20181009,CA,15.16,36.9,25.17,17.9,4.87,0,10/9/2018,10/15/2018,2
20181002,CA,12.18,39.85,25.15,17.89,4.93,0,10/2/2018,10/8/2018,2
20180925,CA,12.18,39.85,25.15,17.88,4.94,0,9/25/2018,10/1/2018,2
20180918,CA,12.18,39.85,25.15,17.88,4.94,0,9/18/2018,9/24/2018,2
20180911,CA,12.18,39.85,25.15,17.88,4.94,0,9/11/2018,9/17/2018,2
20180904,CA,13.78,38.64,24.69,20.12,2.77,0,9/4/2018,9/10/2018,2
20180828,CA,13.78,38.64,26.53,18.28,2.77,0,8/28/2018,9/3/2018,2
20180821,CA,13.78,39.02,26.44,17.99,2.77,0,8/21/2018,8/27/2018,2
20180814,CA,13.84,38.97,26.44,17.99,2.77,0,8/14/2018,8/20/2018,2
20180807,CA,13.84,41.12,24.29,17.99,2.77,0,8/7/2018,8/13/2018,2
20180731,CA,13.84,41.37,24.04,17.99,2.77,0,7/31/2018,8/6/2018,2
20180724,CA,13.82,41.45,23.97,17.99,2.77,0,7/24/2018,7/30/2018,2
20180717,CA,14.85,41.01,23.39,17.99,2.77,0,7/17/2018,7/23/2018,2
20180710,CA,14.85,41.03,23.37,17.99,2.77,0,7/10/2018,7/16/2018,2
20180703,CA,14.85,40.99,23.41,17.99,2.77,0,7/3/2018,7/9/2018,2
20180626,CA,14.92,40.91,23.41,17.99,2.77,0,6/26/2018,7/2/2018,2
20180619,CA,30.37,32.56,16.32,17.99,2.77,0,6/19/2018,6/25/2018,2
20180612,CA,30.39,32.53,16.32,17.99,2.77,0,6/12/2018,6/18/2018,2
20180605,CA,30.39,32.53,16.33,17.98,2.78,0,6/5/2018,6/11/2018,2
20180529,CA,30.49,32.43,16.33,17.98,2.78,0,5/29/2018,6/4/2018,2
20180522,CA,30.49,32.43,16.33,17.98,2.78,0,5/22/2018,5/28/2018,2
20180515,CA,30.49,32.36,16.32,18.03,2.8,0,5/15/2018,5/21/2018,2
20180508,CA,34.19,28.71,23.11,11.19,2.8,0,5/8/2018,5/14/2018,2
20180501,CA,34.1,28.8,23.11,11.19,2.8,0,5/1/2018,5/7/2018,2
20180424,CA,34.1,28.8,23.33,11.21,2.55,0,4/24/2018,4/30/2018,2
20180417,CA,34.1,28.8,23.33,11.26,2.5,0,4/17/2018,4/23/2018,2
20180410,CA,33.85,29.05,23.33,11.26,2.5,0,4/10/2018,4/16/2018,2
20180403,CA,22.99,36.11,28.18,10.21,2.5,0,4/3/2018,4/9/2018,2
20180327,CA,22.99,36.24,28.21,10.06,2.5,0,3/27/2018,4/2/2018,2
20180320,CA,11.08,41.24,25.36,21.88,0.43,0,3/20/2018,3/26/2018,2
20180313,CA,11.08,41.24,25.36,21.88,0.43,0,3/13/2018,3/19/2018,2
20180306,CA,8.48,43.65,25.47,21.97,0.43,0,3/6/2018,3/12/2018,2
20180227,CA,8.48,43.65,27.89,19.98,0,0,2/27/2018,3/5/2018,2
20180220,CA,8.43,43.69,27.89,19.98,0,0,2/20/2018,2/26/2018,2
20180213,CA,18.29,36,25.73,19.98,0,0,2/13/2018,2/19/2018,2
20180206,CA,18.27,36.13,39.21,6.39,0,0,2/6/2018,2/12/2018,2
20180130,CA,26.67,29.61,38.8,4.92,0,0,1/30/2018,2/5/2018,2
20180123,CA,45.48,41.84,12.69,0,0,0,1/23/2018,1/29/2018,2
20180116,CA,53.21,34.1,12.69,0,0,0,1/16/2018,1/22/2018,2
20180109,CA,53.58,33.73,12.69,0,0,0,1/9/2018,1/15/2018,2
20180102,CA,55.7,31.61,12.69,0,0,0,1/2/2018,1/8/2018,2
20171226,CA,55.7,31.61,12.69,0,0,0,12/26/2017,1/1/2018,2
20171219,CA,55.7,31.61,12.69,0,0,0,12/19/2017,12/25/2017,2
20171212,CA,55.7,34.4,9.9,0,0,0,12/12/2017,12/18/2017,2
20171205,CA,65.38,24.72,9.9,0,0,0,12/5/2017,12/11/2017,2
20171128,CA,69.09,22.67,8.24,0,0,0,11/28/2017,12/4/2017,2
20171121,CA,73.98,17.78,8.24,0,0,0,11/21/2017,11/27/2017,2
20171114,CA,73.98,17.78,8.24,0,0,0,11/14/2017,11/20/2017,2
20171107,CA,77.9,13.86,8.24,0,0,0,11/7/2017,11/13/2017,2
20171031,CA,77.9,13.86,8.24,0,0,0,10/31/2017,11/6/2017,2
20171024,CA,77.9,13.86,8.24,0,0,0,10/24/2017,10/30/2017,2
20171017,CA,77.88,13.88,8.24,0,0,0,10/17/2017,10/23/2017,2
20171010,CA,77.88,13.88,8.24,0,0,0,10/10/2017,10/16/2017,2
20171003,CA,77.88,13.88,8.24,0,0,0,10/3/2017,10/9/2017,2
20170926,CA,77.88,13.88,8.24,0,0,0,9/26/2017,10/2/2017,2
20170919,CA,77.88,13.88,8.21,0.04,0,0,9/19/2017,9/25/2017,2
20170912,CA,77.88,13.88,8.21,0.04,0,0,9/12/2017,9/18/2017,2
20170905,CA,77.88,13.88,8.21,0.04,0,0,9/5/2017,9/11/2017,2
20170829,CA,77.88,13.88,8.21,0.04,0,0,8/29/2017,9/4/2017,2
20170822,CA,77.88,13.88,8.21,0.04,0,0,8/22/2017,8/28/2017,2
20170815,CA,77.86,13.9,8.21,0.04,0,0,8/15/2017,8/21/2017,2
20170808,CA,77.86,13.9,7.18,1.06,0,0,8/8/2017,8/14/2017,2
20170801,CA,77.86,13.9,7.18,1.06,0,0,8/1/2017,8/7/2017,2
20170725,CA,75.73,16.03,7.18,1.06,0,0,7/25/2017,7/31/2017,2
20170718,CA,75.69,16.06,7.18,1.06,0,0,7/18/2017,7/24/2017,2
20170711,CA,76.46,15.3,7.18,1.06,0,0,7/11/2017,7/17/2017,2
20170704,CA,76.46,15.3,7.18,1.06,0,0,7/4/2017,7/10/2017,2
20170627,CA,76.47,15.29,7.18,1.06,0,0,6/27/2017,7/3/2017,2
20170620,CA,76.47,15.29,7.18,1.06,0,0,6/20/2017,6/26/2017,2
20170613,CA,76.47,15.29,7.18,1.06,0,0,6/13/2017,6/19/2017,2
20170606,CA,76.47,15.29,7.18,1.06,0,0,6/6/2017,6/12/2017,2
20170530,CA,76.47,15.29,7.18,1.06,0,0,5/30/2017,6/5/2017,2
20170523,CA,76.47,15.29,7.18,1.06,0,0,5/23/2017,5/29/2017,2
20170516,CA,76.47,15.29,7.18,1.06,0,0,5/16/2017,5/22/2017,2
20170509,CA,76.47,15.29,7.18,1.06,0,0,5/9/2017,5/15/2017,2
20170502,CA,76.47,15.29,7.18,1.06,0,0,5/2/2017,5/8/2017,2
20170425,CA,76.54,15.22,7.18,1.06,0,0,4/25/2017,5/1/2017,2
20170418,CA,76.54,15.22,7.18,1.06,0,0,4/18/2017,4/24/2017,2
20170411,CA,76.54,15.22,7.18,1.06,0,0,4/11/2017,4/17/2017,2
20170404,CA,76.54,15.22,7.18,1.06,0,0,4/4/2017,4/10/2017,2
20170328,CA,76.54,15.22,7.18,1.06,0,0,3/28/2017,4/3/2017,2
20170321,CA,76.54,15.22,7.18,1.06,0,0,3/21/2017,3/27/2017,2
20170314,CA,76.54,15.22,7.18,1.06,0,0,3/14/2017,3/20/2017,2
20170307,CA,76.54,15.22,7.14,1.1,0,0,3/7/2017,3/13/2017,2
20170228,CA,74.49,16.78,4.65,4.08,0,0,2/28/2017,3/6/2017,2
20170221,CA,61.66,21.47,12.69,4.19,0,0,2/21/2017,2/27/2017,2
20170214,CA,43.94,31.86,16.78,6.68,0.73,0,2/14/2017,2/20/2017,2
20170207,CA,41.46,11.56,36.05,10.2,0.73,0,2/7/2017,2/13/2017,2
20170131,CA,38.98,10.22,30.51,18.42,1.87,0,1/31/2017,2/6/2017,2
20170124,CA,38.73,9.87,24.94,24.3,2.16,0,1/24/2017,1/30/2017,2
20170117,CA,35.56,6.93,13.16,20.05,22.17,2.13,1/17/2017,1/23/2017,2
20170110,CA,34.62,7.16,9,21.42,25.67,2.13,1/10/2017,1/16/2017,2
20170103,CA,18.07,14.32,13.59,15.85,19.87,18.31,1/3/2017,1/9/2017,2
20161227,CA,17.47,13.66,11.07,17.19,22.29,18.31,12/27/2016,1/2/2017,2
20161220,CA,15.09,14.8,11.02,17.54,21.8,19.75,12/20/2016,12/26/2016,2
20161213,CA,12.16,14.8,12.77,17.47,21.76,21.04,12/13/2016,12/19/2016,2
20161206,CA,12.03,14.93,12.77,17.47,21.76,21.04,12/6/2016,12/12/2016,2
20161129,CA,12.03,14.93,12.77,17.47,21.76,21.04,11/29/2016,12/5/2016,2
20161122,CA,12.03,14.93,12.77,17.47,21.76,21.04,11/22/2016,11/28/2016,2
20161115,CA,12.03,14.93,12.77,17.47,21.76,21.04,11/15/2016,11/21/2016,2
20161108,CA,12.03,14.93,12.77,17.47,21.76,21.04,11/8/2016,11/14/2016,2
20161101,CA,12.03,12.71,13.88,18.58,21.76,21.04,11/1/2016,11/7/2016,2
20161025,CA,8.96,9.92,19.32,19,21.76,21.04,10/25/2016,10/31/2016,2
20161018,CA,7.77,11.11,19.32,19,21.76,21.04,10/18/2016,10/24/2016,2
20161011,CA,0,16.41,21.31,19.47,21.76,21.04,10/11/2016,10/17/2016,2
20161004,CA,0,16.41,21.31,19.47,21.76,21.04,10/4/2016,10/10/2016,2
20160927,CA,0,16.41,21.31,19.47,21.76,21.04,9/27/2016,10/3/2016,2
20160920,CA,0,16.41,21.31,19.47,21.76,21.04,9/20/2016,9/26/2016,2
20160913,CA,0,16.41,21.31,19.47,21.76,21.04,9/13/2016,9/19/2016,2
20160906,CA,0,16.41,24.57,16.21,21.76,21.04,9/6/2016,9/12/2016,2
20160830,CA,0,16.41,24.57,16.21,21.76,21.04,8/30/2016,9/5/2016,2
20160823,CA,0,16.41,24.57,16.21,21.76,21.04,8/23/2016,8/29/2016,2
20160816,CA,0,16.41,24.57,16.21,21.76,21.04,8/16/2016,8/22/2016,2
20160809,CA,0,16.41,24.57,16.21,21.76,21.04,8/9/2016,8/15/2016,2
20160802,CA,0,16.41,24.57,16.21,21.76,21.04,8/2/2016,8/8/2016,2
20160726,CA,0,16.41,24.57,16.21,21.76,21.04,7/26/2016,8/1/2016,2
20160719,CA,0,16.41,24.57,16.21,21.76,21.04,7/19/2016,7/25/2016,2
20160712,CA,0,16.41,24.57,16.21,21.76,21.04,7/12/2016,7/18/2016,2
20160705,CA,0,16.41,24.57,16.21,21.76,21.04,7/5/2016,7/11/2016,2
20160628,CA,0,16.41,24.57,16.21,21.76,21.04,6/28/2016,7/4/2016,2
20160621,CA,0,16.41,24.57,16.21,21.76,21.04,6/21/2016,6/27/2016,2
20160614,CA,0,16.41,24.57,16.21,21.76,21.04,6/14/2016,6/20/2016,2
20160607,CA,4.27,11.82,24.89,16.02,21.95,21.04,6/7/2016,6/13/2016,2
20160531,CA,6.08,10.01,24.89,16.02,21.95,21.04,5/31/2016,6/6/2016,2
20160524,CA,5.5,8.12,25.38,18.01,21.95,21.04,5/24/2016,5/30/2016,2
20160517,CA,5.5,8.12,22.82,20.57,21.95,21.04,5/17/2016,5/23/2016,2
20160510,CA,4.27,6.05,16.96,24.81,26.88,21.04,5/10/2016,5/16/2016,2
20160503,CA,4.27,6.05,15.31,25.21,28.11,21.04,5/3/2016,5/9/2016,2
20160426,CA,4.24,5.67,15.72,25.21,28.11,21.04,4/26/2016,5/2/2016,2
20160419,CA,4.24,5.67,15.72,25.21,28.11,21.04,4/19/2016,4/25/2016,2
20160412,CA,3.55,5.87,16.21,19.11,23.57,31.68,4/12/2016,4/18/2016,2
20160405,CA,3.55,5.87,16.21,19.11,23.57,31.68,4/5/2016,4/11/2016,2
20160329,CA,3.55,5.87,17.76,17.57,20.51,34.74,3/29/2016,4/4/2016,2
20160322,CA,1.16,7.29,18.7,17.54,20.57,34.74,3/22/2016,3/28/2016,2
20160315,CA,0.43,6.29,19.64,18.33,20.57,34.74,3/15/2016,3/21/2016,2
20160308,CA,0.43,2.07,14.33,22.31,22.38,38.48,3/8/2016,3/14/2016,2
20160301,CA,0.43,4.44,12.47,21.8,22.38,38.48,3/1/2016,3/7/2016,2
20160223,CA,0.43,5.19,12.56,20.96,22.38,38.48,2/23/2016,2/29/2016,2
20160216,CA,0.29,5.01,12.87,20.42,22.93,38.48,2/16/2016,2/22/2016,2
20160209,CA,0.22,5.01,12.95,20.42,22.93,38.48,2/9/2016,2/15/2016,2
20160202,CA,0,4.74,9.13,22.23,24.49,39.41,2/2/2016,2/8/2016,2
20160126,CA,0,4.65,9.22,22.17,23.75,40.21,1/26/2016,2/1/2016,2
20160119,CA,0,2.83,11.04,17.98,25.49,42.66,1/19/2016,1/25/2016,2
20160112,CA,0,2.67,9.78,18.49,26.4,42.66,1/12/2016,1/18/2016,2
20160105,CA,0,2.67,9.78,18.49,24.22,44.84,1/5/2016,1/11/2016,2
20151229,CA,0,2.67,9.78,18.49,24.22,44.84,12/29/2015,1/4/2016,2
20151222,CA,0,2.67,6.7,21.54,24.24,44.84,12/22/2015,12/28/2015,2
20151215,CA,0.14,2.53,6.7,21.55,24.24,44.84,12/15/2015,12/21/2015,2
20151208,CA,0.14,2.53,5.07,23.17,24.24,44.84,12/8/2015,12/14/2015,2
20151201,CA,0.14,2.53,5.07,21.71,25.71,44.84,12/1/2015,12/7/2015,2
20151124,CA,0.14,2.53,5.07,21.71,25.71,44.84,11/24/2015,11/30/2015,2
20151117,CA,0.14,2.53,5.07,21.71,25.71,44.84,11/17/2015,11/23/2015,2
20151110,CA,0.14,2.53,5.06,21.72,25.71,44.84,11/10/2015,11/16/2015,2
20151103,CA,0.14,2.53,5.06,21.72,25.71,44.84,11/3/2015,11/9/2015,2
20151027,CA,0.14,2.53,5.06,21.2,25.08,46,10/27/2015,11/2/2015,2
20151020,CA,0.14,2.53,5.06,21.2,25.08,46,10/20/2015,10/26/2015,2
20151013,CA,0.14,2.53,4.97,21.29,25.08,46,10/13/2015,10/19/2015,2
20151006,CA,0.14,2.53,4.97,21.29,25.08,46,10/6/2015,10/12/2015,2
20150929,CA,0.14,2.53,4.97,21.29,25.08,46,9/29/2015,10/5/2015,2
20150922,CA,0.14,2.53,4.97,21.29,25.08,46,9/22/2015,9/28/2015,2
20150915,CA,0.14,2.53,4.97,21.29,25.08,46,9/15/2015,9/21/2015,2
20150908,CA,0.14,2.51,4.99,21.29,25.08,46,9/8/2015,9/14/2015,2
20150901,CA,0.14,2.51,4.99,21.29,25.08,46,9/1/2015,9/7/2015,2
20150825,CA,0.14,2.51,4.99,21.29,25.08,46,8/25/2015,8/31/2015,2
20150818,CA,0.14,2.51,4.99,21.29,25.08,46,8/18/2015,8/24/2015,2
20150811,CA,0.14,2.51,4.99,21.29,25.08,46,8/11/2015,8/17/2015,2
20150804,CA,0.14,2.51,2.76,23.51,25.08,46,8/4/2015,8/10/2015,2
20150728,CA,0.14,2.51,2.76,23.51,25.08,46,7/28/2015,8/3/2015,2
20150721,CA,0.14,2.51,2.76,23.51,25.08,46,7/21/2015,7/27/2015,2
20150714,CA,0.14,1.15,4.12,23.51,25.08,46,7/14/2015,7/20/2015,2
20150707,CA,0.14,1.15,4.12,23.51,24.35,46.73,7/7/2015,7/13/2015,2
20150630,CA,0.14,1.15,4.12,23.52,24.35,46.73,6/30/2015,7/6/2015,2
20150623,CA,0.14,1.15,4.12,23.52,24.35,46.73,6/23/2015,6/29/2015,2
20150616,CA,0.14,1.15,4.12,23.52,24.35,46.73,6/16/2015,6/22/2015,2
20150609,CA,0.14,1.15,4.81,22.83,24.35,46.73,6/9/2015,6/15/2015,2
20150602,CA,0.14,1.15,4.81,24.3,22.88,46.73,6/2/2015,6/8/2015,2
20150526,CA,0.14,1.15,4.81,27.3,19.87,46.73,5/26/2015,6/1/2015,2
20150519,CA,0.14,1.58,4.37,27.3,19.83,46.77,5/19/2015,5/25/2015,2
20150512,CA,0.14,1.58,4.37,27.3,19.83,46.77,5/12/2015,5/18/2015,2
20150505,CA,0.14,1.58,4.37,27.3,19.83,46.77,5/5/2015,5/11/2015,2
20150428,CA,0.14,1.75,4.67,26.84,19.83,46.77,4/28/2015,5/4/2015,2
20150421,CA,0.14,1.75,4.67,26.84,19.83,46.77,4/21/2015,4/27/2015,2
20150414,CA,0.14,1.75,4.67,26.84,22.28,44.32,4/14/2015,4/20/2015,2
20150407,CA,0.15,1.74,4.67,26.84,22.28,44.32,4/7/2015,4/13/2015,2
20150331,CA,0.15,1.74,4.67,26.84,25.2,41.41,3/31/2015,4/6/2015,2
20150324,CA,0.15,1.74,4.67,26.84,25.2,41.41,3/24/2015,3/30/2015,2
20150317,CA,0.16,1.73,4.67,25.98,27.54,39.92,3/17/2015,3/23/2015,2
20150310,CA,0.16,1.73,4.67,25.98,27.54,39.92,3/10/2015,3/16/2015,2
20150303,CA,0.16,1.75,4.66,25.98,27.54,39.92,3/3/2015,3/9/2015,2
20150224,CA,0.16,1.75,4.66,25.98,27.54,39.92,2/24/2015,3/2/2015,2
20150217,CA,0.16,1.75,4.66,25.98,26.26,41.2,2/17/2015,2/23/2015,2
20150210,CA,0.16,1.75,4.66,25.98,27.47,39.99,2/10/2015,2/16/2015,2
20150203,CA,0.16,1.72,4.56,16.11,37.46,39.99,2/3/2015,2/9/2015,2
20150127,CA,0,1.87,3.79,16.82,37.52,39.99,1/27/2015,2/2/2015,2
20150120,CA,0,1.87,3.79,16.82,38.37,39.15,1/20/2015,1/26/2015,2
20150113,CA,0,1.88,3.78,16.82,38.37,39.15,1/13/2015,1/19/2015,2
20150106,CA,0,1.88,3.78,16.39,45.73,32.21,1/6/2015,1/12/2015,2
20141230,CA,0,1.88,3.78,16.39,45.73,32.21,12/30/2014,1/5/2015,2
20141223,CA,0,1.59,3.98,16.48,45.73,32.21,12/23/2014,12/29/2014,2
20141216,CA,0,1.59,3.98,16.48,45.73,32.21,12/16/2014,12/22/2014,2
20141209,CA,0,0.28,5.29,14.73,24.61,55.08,12/9/2014,12/15/2014,2
20141202,CA,0,0.28,5.29,14.73,24.61,55.08,12/2/2014,12/8/2014,2
20141125,CA,0,0.28,5.29,14.73,24.61,55.08,11/25/2014,12/1/2014,2
20141118,CA,0,0.28,5.29,14.73,24.61,55.08,11/18/2014,11/24/2014,2
20141111,CA,0,0.28,5.29,14.73,24.61,55.08,11/11/2014,11/17/2014,2
20141104,CA,0,0.29,5.28,14.73,24.61,55.08,11/4/2014,11/10/2014,2
20141028,CA,0,0,4.96,13.13,23.51,58.41,10/28/2014,11/3/2014,2
20141021,CA,0,0,4.96,13.13,23.51,58.41,10/21/2014,10/27/2014,2
20141014,CA,0,0,4.96,13.13,23.51,58.41,10/14/2014,10/20/2014,2
20141007,CA,0,0,4.96,13.13,23.51,58.41,10/7/2014,10/13/2014,2
20140930,CA,0,0,4.96,13.13,23.51,58.41,9/30/2014,10/6/2014,2
20140923,CA,0,0,4.66,13.42,23.51,58.41,9/23/2014,9/29/2014,2
20140916,CA,0,0,4.58,13.5,23.51,58.41,9/16/2014,9/22/2014,2
20140909,CA,0,0,4.58,13.5,23.51,58.41,9/9/2014,9/15/2014,2
20140902,CA,0,0,4.58,13.5,23.51,58.41,9/2/2014,9/8/2014,2
20140826,CA,0,0,4.58,13.5,23.51,58.41,8/26/2014,9/1/2014,2
20140819,CA,0,0,2.41,15.67,23.51,58.41,8/19/2014,8/25/2014,2
20140812,CA,0,0,0.2,17.88,23.51,58.41,8/12/2014,8/18/2014,2
20140805,CA,0,0,0.2,17.88,23.51,58.41,8/5/2014,8/11/2014,2
20140729,CA,0,0,0,18.11,23.48,58.41,7/29/2014,8/4/2014,2
20140722,CA,0,0,0,18.11,45.4,36.49,7/22/2014,7/28/2014,2
20140715,CA,0,0,0,18.15,45.35,36.49,7/15/2014,7/21/2014,2
20140708,CA,0,0,0,21.03,42.51,36.46,7/8/2014,7/14/2014,2
20140701,CA,0,0,0,21.03,42.51,36.46,7/1/2014,7/7/2014,2
20140624,CA,0,0,0,23.31,43.7,32.98,6/24/2014,6/30/2014,2
20140617,CA,0,0,0,23.31,43.7,32.98,6/17/2014,6/23/2014,2
20140610,CA,0,0,0,23.31,51.92,24.77,6/10/2014,6/16/2014,2
20140603,CA,0,0,0,23.31,51.92,24.77,6/3/2014,6/9/2014,2
20140527,CA,0,0,0,23.31,51.92,24.77,5/27/2014,6/2/2014,2
20140520,CA,0,0,0,23.31,51.92,24.77,5/20/2014,5/26/2014,2
20140513,CA,0,0,0,23.31,51.92,24.77,5/13/2014,5/19/2014,2
20140506,CA,0,0,4.07,19.25,51.92,24.77,5/6/2014,5/12/2014,2
20140429,CA,0,0,3.99,19.32,51.92,24.77,4/29/2014,5/5/2014,2
20140422,CA,0,0,3.99,19.32,51.92,24.77,4/22/2014,4/28/2014,2
20140415,CA,0,0.2,4.59,26.45,45.28,23.49,4/15/2014,4/21/2014,2
20140408,CA,0,0.19,4.6,26.45,45.28,23.49,4/8/2014,4/14/2014,2
20140401,CA,0,0.19,4.6,26.45,45.28,23.49,4/1/2014,4/7/2014,2
20140325,CA,0,0.2,4.59,23.43,48.36,23.42,3/25/2014,3/31/2014,2
20140318,CA,0.01,0.2,6.72,21.3,49.41,22.37,3/18/2014,3/24/2014,2
20140311,CA,0.01,5.44,3.75,24.91,43.53,22.37,3/11/2014,3/17/2014,2
20140304,CA,0,5.44,3.73,24.93,43.53,22.37,3/4/2014,3/10/2014,2
20140225,CA,0,5.44,3.73,16.99,47.62,26.21,2/25/2014,3/3/2014,2
20140218,CA,0,5.45,3.72,22.52,53.68,14.62,2/18/2014,2/24/2014,2
20140211,CA,1.43,4.02,2.95,30.65,51.13,9.81,2/11/2014,2/17/2014,2
20140204,CA,1.43,4.39,4.27,22.78,57.32,9.81,2/4/2014,2/10/2014,2
20140128,CA,1.43,4.39,4.27,22.78,58.36,8.77,1/28/2014,2/3/2014,2
20140121,CA,1.43,4.39,4.27,27.21,62.71,0,1/21/2014,1/27/2014,2
20140114,CA,1.43,4.39,4.27,27.21,62.71,0,1/14/2014,1/20/2014,2
20140107,CA,1.43,4.32,6.71,59.94,27.59,0,1/7/2014,1/13/2014,2
20131231,CA,2.61,3.14,6.71,59.94,27.59,0,12/31/2013,1/6/2014,2
20131224,CA,2.61,3.14,9.37,57.29,27.59,0,12/24/2013,12/30/2013,2
20131217,CA,2.61,3.14,11.71,54.94,27.59,0,12/17/2013,12/23/2013,2
20131210,CA,2.61,3.24,11.62,54.94,27.59,0,12/10/2013,12/16/2013,2
20131203,CA,2.61,3.24,11.62,54.94,27.59,0,12/3/2013,12/9/2013,2
20131126,CA,2.61,3.24,11.62,54.94,27.59,0,11/26/2013,12/2/2013,2
20131119,CA,2.61,1.39,11.87,56.53,27.59,0,11/19/2013,11/25/2013,2
20131112,CA,2.61,1.39,11.87,72.77,11.36,0,11/12/2013,11/18/2013,2
20131105,CA,2.62,1.39,11.86,72.77,11.36,0,11/5/2013,11/11/2013,2
20131029,CA,2.66,1.36,11.86,72.77,11.36,0,10/29/2013,11/4/2013,2
20131022,CA,2.66,1.36,11.86,72.77,11.36,0,10/22/2013,10/28/2013,2
20131015,CA,2.65,1.4,11.82,72.77,11.36,0,10/15/2013,10/21/2013,2
20131008,CA,2.52,1.53,11.83,72.77,11.36,0,10/8/2013,10/14/2013,2
20131001,CA,2.63,1.42,11.83,72.77,11.36,0,10/1/2013,10/7/2013,2
20130924,CA,2.63,1.34,6.2,78.48,11.36,0,9/24/2013,9/30/2013,2
20130917,CA,2.63,1.34,6.2,78.48,11.36,0,9/17/2013,9/23/2013,2
20130910,CA,0,2.92,4.15,81.58,11.36,0,9/10/2013,9/16/2013,2
20130903,CA,0,2.92,4.15,81.58,11.36,0,9/3/2013,9/9/2013,2
20130827,CA,0,1.77,4.37,82.5,11.36,0,8/27/2013,9/2/2013,2
20130820,CA,0,1.77,4.37,82.5,11.36,0,8/20/2013,8/26/2013,2
20130813,CA,0,1.77,4.37,82.5,11.36,0,8/13/2013,8/19/2013,2
20130806,CA,0,1.77,4.37,93.86,0,0,8/6/2013,8/12/2013,2
20130730,CA,0,1.77,4.37,93.86,0,0,7/30/2013,8/5/2013,2
20130723,CA,0,1.77,4.27,93.96,0,0,7/23/2013,7/29/2013,2
20130716,CA,0,1.77,4.27,93.96,0,0,7/16/2013,7/22/2013,2
20130709,CA,0,1.77,5.53,92.7,0,0,7/9/2013,7/15/2013,2
20130702,CA,0,1.77,5.53,92.7,0,0,7/2/2013,7/8/2013,2
20130625,CA,0,1.79,5.6,92.61,0,0,6/25/2013,7/1/2013,2
20130618,CA,0,1.79,31.14,67.07,0,0,6/18/2013,6/24/2013,2
20130611,CA,0,1.84,44.62,53.54,0,0,6/11/2013,6/17/2013,2
20130604,CA,0,1.84,44.52,53.64,0,0,6/4/2013,6/10/2013,2
20130528,CA,0,1.84,51.91,46.25,0,0,5/28/2013,6/3/2013,2
20130521,CA,0,1.84,51.91,46.25,0,0,5/21/2013,5/27/2013,2
20130514,CA,0,1.84,51.91,46.25,0,0,5/14/2013,5/20/2013,2
20130507,CA,0,1.84,51.91,46.25,0,0,5/7/2013,5/13/2013,2
20130430,CA,0,35.7,31.47,32.82,0,0,4/30/2013,5/6/2013,2
20130423,CA,2.84,33.74,33.42,30,0,0,4/23/2013,4/29/2013,2
20130416,CA,2.84,48.77,25.17,23.22,0,0,4/16/2013,4/22/2013,2
20130409,CA,2.84,48.77,25.17,23.22,0,0,4/9/2013,4/15/2013,2
20130402,CA,0,51.62,24.16,24.22,0,0,4/2/2013,4/8/2013,2
20130326,CA,0,51.62,24.16,24.22,0,0,3/26/2013,4/1/2013,2
20130319,CA,12.85,38.77,24.19,24.19,0,0,3/19/2013,3/25/2013,2
20130312,CA,15.63,38.14,22.05,24.19,0,0,3/12/2013,3/18/2013,2
20130305,CA,0.03,52.6,20.41,26.96,0,0,3/5/2013,3/11/2013,2
20130226,CA,0.02,52.85,20.17,26.96,0,0,2/26/2013,3/4/2013,2
20130219,CA,15.45,37.37,23.46,23.72,0,0,2/19/2013,2/25/2013,2
20130212,CA,34.53,18.29,23.46,23.72,0,0,2/12/2013,2/18/2013,2
20130205,CA,34.2,18.62,25.62,21.57,0,0,2/5/2013,2/11/2013,2
20130129,CA,34.2,18.62,25.62,21.57,0,0,1/29/2013,2/4/2013,2
20130122,CA,34.2,12.23,32.01,21.57,0,0,1/22/2013,1/28/2013,2
20130115,CA,34.2,12.23,32.01,21.57,0,0,1/15/2013,1/21/2013,2
20130108,CA,32.42,12.56,33.65,21.37,0,0,1/8/2013,1/14/2013,2
20130101,CA,31.75,12.93,32.82,22.5,0,0,1/1/2013,1/7/2013,2
20121225,CA,30.94,12.87,30.96,25.17,0.05,0,12/25/2012,12/31/2012,2
20121218,CA,30.94,12.87,30.04,26.1,0.05,0,12/18/2012,12/24/2012,2
20121211,CA,30.94,11.11,31.35,26.54,0.05,0,12/11/2012,12/17/2012,2
20121204,CA,23.15,17.49,32.76,26.54,0.05,0,12/4/2012,12/10/2012,2
20121127,CA,6.77,22.76,42.31,27.02,1.14,0,11/27/2012,12/3/2012,2
20121120,CA,4.82,27.51,46.06,20.47,1.14,0,11/20/2012,11/26/2012,2
20121113,CA,7.19,26.44,47.27,17.95,1.14,0,11/13/2012,11/19/2012,2
20121106,CA,7.19,25.06,48.65,17.95,1.14,0,11/6/2012,11/12/2012,2
20121030,CA,6.73,24.79,49.38,17.95,1.14,0,10/30/2012,11/5/2012,2
20121023,CA,6.75,24.76,49.38,17.95,1.14,0,10/23/2012,10/29/2012,2
20121016,CA,6.64,24.89,49.38,17.95,1.14,0,10/16/2012,10/22/2012,2
20121009,CA,6.64,23.78,47.6,20.83,1.14,0,10/9/2012,10/15/2012,2
20121002,CA,11.94,18.65,47.44,20.83,1.14,0,10/2/2012,10/8/2012,2
20120925,CA,11.95,18.64,47.14,21.12,1.14,0,9/25/2012,10/1/2012,2
20120918,CA,11.95,18.97,46.82,21.12,1.14,0,9/18/2012,9/24/2012,2
20120911,CA,11.74,19.13,46.82,21.17,1.14,0,9/11/2012,9/17/2012,2
20120904,CA,11.74,18.97,46.53,21.61,1.14,0,9/4/2012,9/10/2012,2
20120828,CA,11.74,18.82,46.39,21.9,1.14,0,8/28/2012,9/3/2012,2
20120821,CA,11.3,19.49,45.91,23.01,0.29,0,8/21/2012,8/27/2012,2
20120814,CA,11.3,24.86,40.53,23.02,0.29,0,8/14/2012,8/20/2012,2
20120807,CA,11.64,24.55,40.49,23.02,0.29,0,8/7/2012,8/13/2012,2
20120731,CA,11.64,24.55,40.2,23.32,0.29,0,7/31/2012,8/6/2012,2
20120724,CA,11.64,24.55,36.96,26.56,0.29,0,7/24/2012,7/30/2012,2
20120717,CA,15.88,24.38,36.81,22.92,0,0,7/17/2012,7/23/2012,2
20120710,CA,15.88,24.38,36.81,22.92,0,0,7/10/2012,7/16/2012,2
20120703,CA,15.88,24.35,36.85,22.92,0,0,7/3/2012,7/9/2012,2
20120626,CA,15.89,24.6,36.74,22.76,0,0,6/26/2012,7/2/2012,2
20120619,CA,15.89,24.6,36.91,22.6,0,0,6/19/2012,6/25/2012,2
20120612,CA,15.89,25.22,36.3,22.6,0,0,6/12/2012,6/18/2012,2
20120605,CA,15.89,25.22,36.3,22.6,0,0,6/5/2012,6/11/2012,2
20120529,CA,15.89,25.22,36.3,22.6,0,0,5/29/2012,6/4/2012,2
20120522,CA,15.89,25.22,36.3,22.6,0,0,5/22/2012,5/28/2012,2
20120515,CA,15.89,25.22,36.3,22.6,0,0,5/15/2012,5/21/2012,2
20120508,CA,15.89,25.22,37.75,21.14,0,0,5/8/2012,5/14/2012,2
20120501,CA,15.84,25.19,37.83,21.14,0,0,5/1/2012,5/7/2012,2
20120424,CA,15.84,23.93,37.36,22.87,0,0,4/24/2012,4/30/2012,2
20120417,CA,15.84,23.93,33.88,26.35,0,0,4/17/2012,4/23/2012,2
20120410,CA,4.89,13.64,32.48,49,0,0,4/10/2012,4/16/2012,2
20120403,CA,3.54,14.45,35.75,46.25,0,0,4/3/2012,4/9/2012,2
20120327,CA,2.22,8.16,43.36,46.25,0,0,3/27/2012,4/2/2012,2
20120320,CA,2.22,8.17,49.47,40.14,0,0,3/20/2012,3/26/2012,2
20120313,CA,0.11,9.75,44.42,45.73,0,0,3/13/2012,3/19/2012,2
20120306,CA,4.39,20.38,59.22,16.02,0,0,3/6/2012,3/12/2012,2
20120228,CA,4.39,23.53,56.07,16.02,0,0,2/28/2012,3/5/2012,2
20120221,CA,4.77,27.47,62.7,5.06,0,0,2/21/2012,2/27/2012,2
20120214,CA,10.37,30.57,59.06,0,0,0,2/14/2012,2/20/2012,2
20120207,CA,10.37,30.57,59.06,0,0,0,2/7/2012,2/13/2012,2
20120131,CA,11.09,31.58,57.33,0,0,0,1/31/2012,2/6/2012,2
20120124,CA,19.12,39.65,41.23,0,0,0,1/24/2012,1/30/2012,2
20120117,CA,18.74,34.92,43.23,3.1,0,0,1/17/2012,1/23/2012,2
20120110,CA,19.1,34.56,43.23,3.1,0,0,1/10/2012,1/16/2012,2
20120103,CA,29.91,23.75,46.34,0,0,0,1/3/2012,1/9/2012,2
20111227,CA,33.91,60.67,5.41,0,0,0,12/27/2011,1/2/2012,2
20111220,CA,71.58,28.42,0,0,0,0,12/20/2011,12/26/2011,2
20111213,CA,74.32,25.68,0,0,0,0,12/13/2011,12/19/2011,2
20111206,CA,82.53,17.47,0,0,0,0,12/6/2011,12/12/2011,2
20111129,CA,88.32,11.68,0,0,0,0,11/29/2011,12/5/2011,2
20111122,CA,88.42,11.58,0,0,0,0,11/22/2011,11/28/2011,2
20111115,CA,88.42,11.58,0,0,0,0,11/15/2011,11/21/2011,2
20111108,CA,88.51,11.49,0,0,0,0,11/8/2011,11/14/2011,2
20111101,CA,89.22,10.78,0,0,0,0,11/1/2011,11/7/2011,2
20111025,CA,89.25,10.75,0,0,0,0,10/25/2011,10/31/2011,2
20111018,CA,89.25,10.75,0,0,0,0,10/18/2011,10/24/2011,2
20111011,CA,89.25,10.75,0,0,0,0,10/11/2011,10/17/2011,2
20111004,CA,89.25,10.75,0,0,0,0,10/4/2011,10/10/2011,2
20110927,CA,89.14,10.86,0,0,0,0,9/27/2011,10/3/2011,2
20110920,CA,89.14,10.86,0,0,0,0,9/20/2011,9/26/2011,2
20110913,CA,87.36,12.64,0,0,0,0,9/13/2011,9/19/2011,2
20110906,CA,87.55,12.45,0,0,0,0,9/6/2011,9/12/2011,2
20110830,CA,92.14,7.86,0,0,0,0,8/30/2011,9/5/2011,2
20110823,CA,92.12,7.88,0,0,0,0,8/23/2011,8/29/2011,2
20110816,CA,92.12,7.88,0,0,0,0,8/16/2011,8/22/2011,2
20110809,CA,85.34,14.66,0,0,0,0,8/9/2011,8/15/2011,2
20110802,CA,85.34,14.66,0,0,0,0,8/2/2011,8/8/2011,2
20110726,CA,85.34,14.66,0,0,0,0,7/26/2011,8/1/2011,2
20110719,CA,85.34,14.66,0,0,0,0,7/19/2011,7/25/2011,2
20110712,CA,87.87,12.13,0,0,0,0,7/12/2011,7/18/2011,2
20110705,CA,87.71,12.29,0,0,0,0,7/5/2011,7/11/2011,2
20110628,CA,87.71,12.29,0,0,0,0,6/28/2011,7/4/2011,2
20110621,CA,99.99,0.01,0,0,0,0,6/21/2011,6/27/2011,2
20110614,CA,99.99,0.01,0,0,0,0,6/14/2011,6/20/2011,2
20110607,CA,99.99,0.01,0,0,0,0,6/7/2011,6/13/2011,2
20110531,CA,99.99,0.01,0,0,0,0,5/31/2011,6/6/2011,2
20110524,CA,99.99,0.01,0,0,0,0,5/24/2011,5/30/2011,2
20110517,CA,99.99,0.01,0,0,0,0,5/17/2011,5/23/2011,2
20110510,CA,99.99,0.01,0,0,0,0,5/10/2011,5/16/2011,2
20110503,CA,99.99,0.01,0,0,0,0,5/3/2011,5/9/2011,2
20110426,CA,99.99,0.01,0,0,0,0,4/26/2011,5/2/2011,2
20110419,CA,99.99,0.01,0,0,0,0,4/19/2011,4/25/2011,2
20110412,CA,99.99,0.01,0,0,0,0,4/12/2011,4/18/2011,2
20110405,CA,99.99,0.01,0,0,0,0,4/5/2011,4/11/2011,2
20110329,CA,99.94,0.06,0,0,0,0,3/29/2011,4/4/2011,2
20110322,CA,96.87,3.13,0,0,0,0,3/22/2011,3/28/2011,2
20110315,CA,94.2,5.8,0,0,0,0,3/15/2011,3/21/2011,2
20110308,CA,94.2,5.8,0,0,0,0,3/8/2011,3/14/2011,2
20110301,CA,99.94,0.06,0,0,0,0,3/1/2011,3/7/2011,2
20110222,CA,99.94,0.06,0,0,0,0,2/22/2011,2/28/2011,2
20110215,CA,77.34,22.66,0,0,0,0,2/15/2011,2/21/2011,2
20110208,CA,77.34,22.66,0,0,0,0,2/8/2011,2/14/2011,2
20110201,CA,99.94,0.06,0,0,0,0,2/1/2011,2/7/2011,2
20110125,CA,99.94,0.06,0,0,0,0,1/25/2011,1/31/2011,2
20110118,CA,99.94,0.06,0,0,0,0,1/18/2011,1/24/2011,2
20110111,CA,99.93,0.07,0,0,0,0,1/11/2011,1/17/2011,2
20110104,CA,98.62,1.38,0,0,0,0,1/4/2011,1/10/2011,2
20101228,CA,98.62,1.38,0,0,0,0,12/28/2010,1/3/2011,2
20101221,CA,94.86,5.14,0,0,0,0,12/21/2010,12/27/2010,2
20101214,CA,79.56,19.19,1.25,0,0,0,12/14/2010,12/20/2010,2
20101207,CA,78.93,18.93,2.14,0,0,0,12/7/2010,12/13/2010,2
20101130,CA,81.67,15.92,2.41,0,0,0,11/30/2010,12/6/2010,2
20101123,CA,90.14,7.45,2.41,0,0,0,11/23/2010,11/29/2010,2
20101116,CA,90.14,5.24,4.43,0.19,0,0,11/16/2010,11/22/2010,2
20101109,CA,90.14,5.24,4.43,0.19,0,0,11/9/2010,11/15/2010,2
20101102,CA,90.14,5.24,4.43,0.19,0,0,11/2/2010,11/8/2010,2
20101026,CA,90.14,5.24,4.43,0.19,0,0,10/26/2010,11/1/2010,2
20101019,CA,88.08,5.86,5.83,0.24,0,0,10/19/2010,10/25/2010,2
20101012,CA,88.08,5.86,5.83,0.24,0,0,10/12/2010,10/18/2010,2
20101005,CA,85.44,6.48,7.84,0.24,0,0,10/5/2010,10/11/2010,2
20100928,CA,85.44,6.48,7.84,0.24,0,0,9/28/2010,10/4/2010,2
20100921,CA,85.44,6.48,7.84,0.24,0,0,9/21/2010,9/27/2010,2
20100914,CA,85.44,6.48,7.84,0.24,0,0,9/14/2010,9/20/2010,2
20100907,CA,85.44,6.48,7.84,0.24,0,0,9/7/2010,9/13/2010,2
20100831,CA,85.44,6.48,7.84,0.24,0,0,8/31/2010,9/6/2010,2
20100824,CA,85.44,6.48,7.84,0.24,0,0,8/24/2010,8/30/2010,2
20100817,CA,85.44,6.48,7.84,0.24,0,0,8/17/2010,8/23/2010,2
20100810,CA,85.44,6.48,7.84,0.24,0,0,8/10/2010,8/16/2010,2
20100803,CA,85.44,6.48,7.84,0.24,0,0,8/3/2010,8/9/2010,2
20100727,CA,87.46,4.47,7.84,0.24,0,0,7/27/2010,8/2/2010,2
20100720,CA,87.79,4.13,7.84,0.24,0,0,7/20/2010,7/26/2010,2
20100713,CA,87.97,3.95,7.84,0.24,0,0,7/13/2010,7/19/2010,2
20100706,CA,87.97,3.95,7.84,0.24,0,0,7/6/2010,7/12/2010,2
20100629,CA,87.97,3.95,7.84,0.24,0,0,6/29/2010,7/5/2010,2
20100622,CA,87.97,3.95,7.84,0.24,0,0,6/22/2010,6/28/2010,2
20100615,CA,87.97,3.95,7.84,0.24,0,0,6/15/2010,6/21/2010,2
20100608,CA,87.97,3.95,2.1,5.97,0,0,6/8/2010,6/14/2010,2
20100601,CA,87.02,4.9,2.1,5.97,0,0,6/1/2010,6/7/2010,2
20100525,CA,87.02,4.9,2.1,5.97,0,0,5/25/2010,5/31/2010,2
20100518,CA,81.3,10.12,1.62,6.96,0,0,5/18/2010,5/24/2010,2
20100511,CA,72.69,18.19,2.03,7.09,0,0,5/11/2010,5/17/2010,2
20100504,CA,72.82,17.29,2.79,7.1,0,0,5/4/2010,5/10/2010,2
20100427,CA,72.82,17.29,2.79,7.1,0,0,4/27/2010,5/3/2010,2
20100420,CA,67.61,22.5,2.79,7.1,0,0,4/20/2010,4/26/2010,2
20100413,CA,67.76,22.35,2.79,7.1,0,0,4/13/2010,4/19/2010,2
20100406,CA,63.21,26.91,2.79,7.1,0,0,4/6/2010,4/12/2010,2
20100330,CA,63.24,26.85,2.81,7.1,0,0,3/30/2010,4/5/2010,2
20100323,CA,64.29,25.8,2.81,7.1,0,0,3/23/2010,3/29/2010,2
20100316,CA,66.08,23.79,3.39,6.75,0,0,3/16/2010,3/22/2010,2
20100309,CA,66.67,22.42,5.03,5.88,0,0,3/9/2010,3/15/2010,2
20100302,CA,64.59,24.69,6.43,4.28,0,0,3/2/2010,3/8/2010,2
20100223,CA,64.59,24.69,6.43,4.28,0,0,2/23/2010,3/1/2010,2
20100216,CA,64.05,24.97,6.7,4.28,0,0,2/16/2010,2/22/2010,2
20100209,CA,44.32,44.69,8.8,2.19,0,0,2/9/2010,2/15/2010,2
20100202,CA,43.19,38.06,16.56,2.19,0,0,2/2/2010,2/8/2010,2
20100126,CA,42.61,37.98,17.22,2.19,0,0,1/26/2010,2/1/2010,2
20100119,CA,7.94,28.85,49.22,13.98,0,0,1/19/2010,1/25/2010,2
20100112,CA,6.56,20.5,51.72,21.22,0,0,1/12/2010,1/18/2010,2
20100105,CA,6.56,20.68,63.71,9.04,0,0,1/5/2010,1/11/2010,2
20091229,CA,6.56,21.27,62.92,9.24,0,0,12/29/2009,1/4/2010,2
20091222,CA,6.56,21.27,62.92,9.24,0,0,12/22/2009,12/28/2009,2
20091215,CA,6.56,21.27,62.92,9.24,0,0,12/15/2009,12/21/2009,2
20091208,CA,7.72,18.23,56.79,17.26,0,0,12/8/2009,12/14/2009,2
20091201,CA,7.72,18.23,56.79,17.26,0,0,12/1/2009,12/7/2009,2
20091124,CA,8.4,17.97,56.37,17.26,0,0,11/24/2009,11/30/2009,2
20091117,CA,7.59,15.09,59.62,17.7,0,0,11/17/2009,11/23/2009,2
20091110,CA,7.59,15.09,59.62,17.7,0,0,11/10/2009,11/16/2009,2
20091103,CA,7.59,15.07,59.65,17.7,0,0,11/3/2009,11/9/2009,2
20091027,CA,9.09,28.4,44.81,17.7,0,0,10/27/2009,11/2/2009,2
20091020,CA,10.59,28.18,43.53,17.7,0,0,10/20/2009,10/26/2009,2
20091013,CA,0,26.56,27.63,45.82,0,0,10/13/2009,10/19/2009,2
20091006,CA,0,26.56,27.63,45.82,0,0,10/6/2009,10/12/2009,2
20090929,CA,0,26.56,27.63,45.82,0,0,9/29/2009,10/5/2009,2
20090922,CA,0,26.56,27.63,45.82,0,0,9/22/2009,9/28/2009,2
20090915,CA,0,26.56,27.63,45.82,0,0,9/15/2009,9/21/2009,2
20090908,CA,0,26.56,27.63,45.82,0,0,9/8/2009,9/14/2009,2
20090901,CA,0,26.56,27.63,45.82,0,0,9/1/2009,9/7/2009,2
20090825,CA,0.02,27.13,30.06,42.8,0,0,8/25/2009,8/31/2009,2
20090818,CA,0.02,27.13,30.06,42.8,0,0,8/18/2009,8/24/2009,2
20090811,CA,0.8,26.34,30.06,42.8,0,0,8/11/2009,8/17/2009,2
20090804,CA,0.78,26.36,28.6,44.26,0,0,8/4/2009,8/10/2009,2
20090728,CA,2.47,24.68,28.6,44.26,0,0,7/28/2009,8/3/2009,2
20090721,CA,2.47,24.68,28.6,44.26,0,0,7/21/2009,7/27/2009,2
20090714,CA,2.47,24.68,28.6,44.26,0,0,7/14/2009,7/20/2009,2
20090707,CA,2.47,24.68,28.6,44.26,0,0,7/7/2009,7/13/2009,2
20090630,CA,2.86,25.13,27.75,44.26,0,0,6/30/2009,7/6/2009,2
20090623,CA,2.86,25.13,27.75,44.26,0,0,6/23/2009,6/29/2009,2
20090616,CA,2.81,25.18,27.75,44.26,0,0,6/16/2009,6/22/2009,2
20090609,CA,2.72,25.28,27.74,44.26,0,0,6/9/2009,6/15/2009,2
20090602,CA,2.72,24.96,28.07,44.25,0,0,6/2/2009,6/8/2009,2
20090526,CA,3.62,24.27,36.82,35.29,0,0,5/26/2009,6/1/2009,2
20090519,CA,3.62,24.27,36.82,35.29,0,0,5/19/2009,5/25/2009,2
20090512,CA,3.65,24.24,36.82,35.29,0,0,5/12/2009,5/18/2009,2
20090505,CA,3.65,24.24,36.82,35.29,0,0,5/5/2009,5/11/2009,2
20090428,CA,3.65,23.36,34.18,38.81,0,0,4/28/2009,5/4/2009,2
20090421,CA,3.65,23.36,34.18,38.81,0,0,4/21/2009,4/27/2009,2
20090414,CA,5.15,32.16,27.2,35.49,0,0,4/14/2009,4/20/2009,2
20090407,CA,5.15,32.16,27.2,35.49,0,0,4/7/2009,4/13/2009,2
20090331,CA,5.15,31.01,41.31,22.53,0,0,3/31/2009,4/6/2009,2
20090324,CA,5.15,31.01,41.31,22.53,0,0,3/24/2009,3/30/2009,2
20090317,CA,5.15,31.01,41.34,22.5,0,0,3/17/2009,3/23/2009,2
20090310,CA,5.15,32.53,39.82,22.5,0,0,3/10/2009,3/16/2009,2
20090303,CA,5.15,24.11,28.89,37.47,4.37,0,3/3/2009,3/9/2009,2
20090224,CA,5.15,24.11,21.04,34.91,14.78,0,2/24/2009,3/2/2009,2
20090217,CA,5.15,24.11,20.67,33.37,16.7,0,2/17/2009,2/23/2009,2
20090210,CA,0.9,20.35,24.06,35.69,19,0,2/10/2009,2/16/2009,2
20090203,CA,0.77,9.8,34.73,35.69,19.01,0,2/3/2009,2/9/2009,2
20090127,CA,1.23,10.56,39.31,32.96,15.94,0,1/27/2009,2/2/2009,2
20090120,CA,1.71,10.08,39.31,35.94,12.97,0,1/20/2009,1/26/2009,2
20090113,CA,1.71,10.08,44.13,41.31,2.77,0,1/13/2009,1/19/2009,2
20090106,CA,1.71,10.08,46.95,38.49,2.77,0,1/6/2009,1/12/2009,2
20081230,CA,1.69,10.1,45.19,40.25,2.77,0,12/30/2008,1/5/2009,2
20081223,CA,0.07,11.14,45.77,40.25,2.77,0,12/23/2008,12/29/2008,2
20081216,CA,0,6.03,43.25,44.89,5.83,0,12/16/2008,12/22/2008,2
20081209,CA,0,12.59,38.22,45.97,3.21,0,12/9/2008,12/15/2008,2
20081202,CA,0,13.98,44.68,41.34,0,0,12/2/2008,12/8/2008,2
20081125,CA,4.71,9.27,44.68,41.34,0,0,11/25/2008,12/1/2008,2
20081118,CA,4.71,9.27,44.68,41.34,0,0,11/18/2008,11/24/2008,2
20081111,CA,4.71,9.27,44.68,41.34,0,0,11/11/2008,11/17/2008,2
20081104,CA,0,9.49,50.15,40.37,0,0,11/4/2008,11/10/2008,2
20081028,CA,0,6.45,38,55.56,0,0,10/28/2008,11/3/2008,2
20081021,CA,0,6.52,37.86,55.62,0,0,10/21/2008,10/27/2008,2
20081014,CA,0.05,4.14,40.7,55.11,0,0,10/14/2008,10/20/2008,2
20081007,CA,0.04,4.06,40.9,55,0,0,10/7/2008,10/13/2008,2
20080930,CA,0.04,4.06,40.66,53.18,2.05,0,9/30/2008,10/6/2008,2
20080923,CA,0.04,4.06,40.66,53.18,2.05,0,9/23/2008,9/29/2008,2
20080916,CA,0.04,4.06,47.13,48.77,0,0,9/16/2008,9/22/2008,2
20080909,CA,0.04,4.06,47.13,48.77,0,0,9/9/2008,9/15/2008,2
20080902,CA,0.04,1.52,53.96,44.47,0,0,9/2/2008,9/8/2008,2
20080826,CA,0.04,2.27,54.61,43.07,0,0,8/26/2008,9/1/2008,2
20080819,CA,0.04,3.07,55.51,41.38,0,0,8/19/2008,8/25/2008,2
20080812,CA,0.04,11.07,50.18,38.7,0,0,8/12/2008,8/18/2008,2
20080805,CA,0.06,11.06,50.18,38.7,0,0,8/5/2008,8/11/2008,2
20080729,CA,0.06,11.06,50.18,38.7,0,0,7/29/2008,8/4/2008,2
20080722,CA,0.12,11,72.31,16.57,0,0,7/22/2008,7/28/2008,2
20080715,CA,0.06,10.74,71.13,18.07,0,0,7/15/2008,7/21/2008,2
20080708,CA,0.14,10.66,71.13,18.07,0,0,7/8/2008,7/14/2008,2
20080701,CA,0.14,10.66,71.13,18.07,0,0,7/1/2008,7/7/2008,2
20080624,CA,0.14,10.66,71.13,18.07,0,0,6/24/2008,6/30/2008,2
20080617,CA,0.17,10.63,71.13,18.07,0,0,6/17/2008,6/23/2008,2
20080610,CA,4.69,31.56,54.48,9.26,0,0,6/10/2008,6/16/2008,2
20080603,CA,4.78,31.48,54.48,9.26,0,0,6/3/2008,6/9/2008,2
20080527,CA,8.91,43.58,38.25,9.26,0,0,5/27/2008,6/2/2008,2
20080520,CA,7.75,43.82,39.16,9.26,0,0,5/20/2008,5/26/2008,2
20080513,CA,7.75,43.82,39.16,9.26,0,0,5/13/2008,5/19/2008,2
20080506,CA,7.73,43.84,39.16,9.26,0,0,5/6/2008,5/12/2008,2
20080429,CA,7.29,47.05,36.4,9.26,0,0,4/29/2008,5/5/2008,2
20080422,CA,24.58,35.82,34.15,5.45,0,0,4/22/2008,4/28/2008,2
20080415,CA,24.58,35.82,34.15,5.45,0,0,4/15/2008,4/21/2008,2
20080408,CA,36.77,23.63,34.15,5.45,0,0,4/8/2008,4/14/2008,2
20080401,CA,44.52,23.9,27.74,3.83,0,0,4/1/2008,4/7/2008,2
20080325,CA,44.52,25.4,26.2,3.88,0,0,3/25/2008,3/31/2008,2
20080318,CA,44.52,21.2,20.95,13.33,0,0,3/18/2008,3/24/2008,2
20080311,CA,44.52,21.2,20.95,13.33,0,0,3/11/2008,3/17/2008,2
20080304,CA,44.52,21.2,20.95,13.33,0,0,3/4/2008,3/10/2008,2
20080226,CA,44.52,21.2,20.95,13.33,0,0,2/26/2008,3/3/2008,2
20080219,CA,18.27,44.27,23.4,14.06,0,0,2/19/2008,2/25/2008,2
20080212,CA,18.27,44.37,23.31,14.06,0,0,2/12/2008,2/18/2008,2
20080205,CA,18.23,45.14,22.57,14.06,0,0,2/5/2008,2/11/2008,2
20080129,CA,18.23,40.17,26.77,14.83,0,0,1/29/2008,2/4/2008,2
20080122,CA,11.36,8.8,47.05,32.8,0,0,1/22/2008,1/28/2008,2
20080115,CA,11.36,8.88,46.97,32.8,0,0,1/15/2008,1/21/2008,2
20080108,CA,11.36,8.88,48.21,31.56,0,0,1/8/2008,1/14/2008,2
20080101,CA,8.87,6.43,26.65,43.49,14.55,0,1/1/2008,1/7/2008,2
20071225,CA,8.87,6.43,26.65,43.5,14.54,0,12/25/2007,12/31/2007,2
20071218,CA,8.87,6.43,26.65,43.5,14.54,0,12/18/2007,12/24/2007,2
20071211,CA,8.87,6.3,26.79,43.5,14.55,0,12/11/2007,12/17/2007,2
20071204,CA,8.87,6.3,26.79,43.51,14.53,0,12/4/2007,12/10/2007,2
20071127,CA,8.87,6.3,26.81,24.34,33.68,0,11/27/2007,12/3/2007,2
20071120,CA,8.87,6.3,26.81,24.34,33.68,0,11/20/2007,11/26/2007,2
20071113,CA,8.87,6.3,26.81,24.35,33.67,0,11/13/2007,11/19/2007,2
20071106,CA,8.87,6.3,26.53,24.62,33.69,0,11/6/2007,11/12/2007,2
20071030,CA,8.87,6.3,26.53,24.62,33.68,0,10/30/2007,11/5/2007,2
20071023,CA,5.61,8.3,21.46,30.88,33.74,0,10/23/2007,10/29/2007,2
20071016,CA,1.17,6.27,27.93,30.86,33.76,0,10/16/2007,10/22/2007,2
20071009,CA,0.1,7.34,27.93,30.87,33.75,0,10/9/2007,10/15/2007,2
20071002,CA,0,7.44,27.93,30.86,33.76,0,10/2/2007,10/8/2007,2
20070925,CA,0,7.44,27.93,30.86,33.76,0,9/25/2007,10/1/2007,2
20070918,CA,0,7.44,27.22,30.11,35.23,0,9/18/2007,9/24/2007,2
20070911,CA,0,7.44,27.22,30.12,35.22,0,9/11/2007,9/17/2007,2
20070904,CA,0,7.44,27.22,30.12,35.22,0,9/4/2007,9/10/2007,2
20070828,CA,0,7.44,27.22,30.13,35.21,0,8/28/2007,9/3/2007,2
20070821,CA,0,7.68,26.98,30.11,35.23,0,8/21/2007,8/27/2007,2
20070814,CA,0,7.68,26.98,30.11,35.23,0,8/14/2007,8/20/2007,2
20070807,CA,0,7.68,26.98,30.2,35.15,0,8/7/2007,8/13/2007,2
20070731,CA,0,7.68,26.98,30.19,35.15,0,7/31/2007,8/6/2007,2
20070724,CA,0,7.68,26.98,30.19,35.15,0,7/24/2007,7/30/2007,2
20070717,CA,0,7.68,26.98,30.2,35.15,0,7/17/2007,7/23/2007,2
20070710,CA,0,7.68,26.98,30.19,35.15,0,7/10/2007,7/16/2007,2
20070703,CA,0,7.68,26.98,30.2,35.14,0,7/3/2007,7/9/2007,2
20070626,CA,0,7.68,26.98,31.04,34.31,0,6/26/2007,7/2/2007,2
20070619,CA,0,7.68,26.98,31.03,34.31,0,6/19/2007,6/25/2007,2
20070612,CA,3.31,4.37,26.98,30.95,34.4,0,6/12/2007,6/18/2007,2
20070605,CA,3.31,4.37,26.98,30.94,34.4,0,6/5/2007,6/11/2007,2
20070529,CA,3.31,4.37,26.98,30.94,34.4,0,5/29/2007,6/4/2007,2
20070522,CA,3.31,4.63,26.72,30.95,34.39,0,5/22/2007,5/28/2007,2
20070515,CA,3.31,6.93,29.31,31.8,28.65,0,5/15/2007,5/21/2007,2
20070508,CA,7.51,10.14,30.71,22.99,28.65,0,5/8/2007,5/14/2007,2
20070501,CA,7.51,10.14,30.71,22.99,28.65,0,5/1/2007,5/7/2007,2
20070424,CA,7.75,9.82,30.79,22.99,28.65,0,4/24/2007,4/30/2007,2
20070417,CA,3.77,8.93,31.16,27.48,28.65,0,4/17/2007,4/23/2007,2
20070410,CA,5.3,12.43,43.71,17.25,21.32,0,4/10/2007,4/16/2007,2
20070403,CA,8.52,28.46,30.01,11.69,21.32,0,4/3/2007,4/9/2007,2
20070327,CA,19.95,19.31,27.06,12.37,21.32,0,3/27/2007,4/2/2007,2
20070320,CA,25.44,14.96,27,11.36,21.23,0,3/20/2007,3/26/2007,2
20070313,CA,25.41,15.22,26.78,11.36,21.23,0,3/13/2007,3/19/2007,2
20070306,CA,25.41,20.57,25.22,28.8,0,0,3/6/2007,3/12/2007,2
20070227,CA,25.41,20.57,25.22,28.8,0,0,2/27/2007,3/5/2007,2
20070220,CA,15.18,25.63,29.55,29.64,0,0,2/20/2007,2/26/2007,2
20070213,CA,24.95,20.61,24.71,29.73,0,0,2/13/2007,2/19/2007,2
20070206,CA,9.64,29.09,37.04,24.23,0,0,2/6/2007,2/12/2007,2
20070130,CA,9.82,28.91,38.39,22.87,0,0,1/30/2007,2/5/2007,2
20070123,CA,10.72,42.31,29.25,17.72,0,0,1/23/2007,1/29/2007,2
20070116,CA,34.97,37.89,24.52,2.62,0,0,1/16/2007,1/22/2007,2
20070109,CA,34.97,37.89,24.52,2.62,0,0,1/9/2007,1/15/2007,2
20070102,CA,40.73,32.5,26.77,0,0,0,1/2/2007,1/8/2007,2
20061226,CA,40.35,48,11.64,0,0,0,12/26/2006,1/1/2007,2
20061219,CA,40.35,48,11.64,0,0,0,12/19/2006,12/25/2006,2
20061212,CA,49.79,49.41,0.79,0,0,0,12/12/2006,12/18/2006,2
20061205,CA,44.03,55.18,0.79,0,0,0,12/5/2006,12/11/2006,2
20061128,CA,77.72,21.46,0.82,0,0,0,11/28/2006,12/4/2006,2
20061121,CA,77.64,21.55,0.82,0,0,0,11/21/2006,11/27/2006,2
20061114,CA,84.57,14.61,0.82,0,0,0,11/14/2006,11/20/2006,2
20061107,CA,84.57,14.61,0.82,0,0,0,11/7/2006,11/13/2006,2
20061031,CA,84.57,14.61,0.82,0,0,0,10/31/2006,11/6/2006,2
20061024,CA,84.57,14.61,0.82,0,0,0,10/24/2006,10/30/2006,2
20061017,CA,84.57,14.61,0.82,0,0,0,10/17/2006,10/23/2006,2
20061010,CA,85.15,14.03,0.82,0,0,0,10/10/2006,10/16/2006,2
20061003,CA,85.15,14.03,0.82,0,0,0,10/3/2006,10/9/2006,2
20060926,CA,84.97,14.21,0.82,0,0,0,9/26/2006,10/2/2006,2
20060919,CA,84.97,14.21,0.82,0,0,0,9/19/2006,9/25/2006,2
20060912,CA,84.97,12.42,2.49,0.13,0,0,9/12/2006,9/18/2006,2
20060905,CA,84.79,12.59,2.49,0.13,0,0,9/5/2006,9/11/2006,2
20060829,CA,93.23,6.71,0.05,0,0,0,8/29/2006,9/4/2006,2
20060822,CA,93.03,6.9,0.06,0,0,0,8/22/2006,8/28/2006,2
20060815,CA,92.27,7.57,0.16,0,0,0,8/15/2006,8/21/2006,2
20060808,CA,92.27,7.6,0.12,0,0,0,8/8/2006,8/14/2006,2
20060801,CA,92.27,7.6,0.12,0,0,0,8/1/2006,8/7/2006,2
20060725,CA,92.27,7.6,0.12,0,0,0,7/25/2006,7/31/2006,2
20060718,CA,92.27,7.6,0.12,0,0,0,7/18/2006,7/24/2006,2
20060711,CA,92,7.88,0.12,0,0,0,7/11/2006,7/17/2006,2
20060704,CA,91.7,8.23,0.07,0,0,0,7/4/2006,7/10/2006,2
20060627,CA,91.76,8.17,0.07,0,0,0,6/27/2006,7/3/2006,2
20060620,CA,92.46,7.47,0.07,0,0,0,6/20/2006,6/26/2006,2
20060613,CA,92.46,7.47,0.07,0,0,0,6/13/2006,6/19/2006,2
20060606,CA,92.46,7.47,0.07,0,0,0,6/6/2006,6/12/2006,2
20060530,CA,92.46,7.47,0.07,0,0,0,5/30/2006,6/5/2006,2
20060523,CA,92.36,7.58,0.07,0,0,0,5/23/2006,5/29/2006,2
20060516,CA,92.36,7.58,0.07,0,0,0,5/16/2006,5/22/2006,2
20060509,CA,92.36,7.64,0,0,0,0,5/9/2006,5/15/2006,2
20060502,CA,92.36,7.64,0.01,0,0,0,5/2/2006,5/8/2006,2
20060425,CA,92.92,6.93,0.16,0,0,0,4/25/2006,5/1/2006,2
20060418,CA,92.92,6.93,0.16,0,0,0,4/18/2006,4/24/2006,2
20060411,CA,92.92,6.93,0.16,0,0,0,4/11/2006,4/17/2006,2
20060404,CA,92.47,7.37,0.16,0,0,0,4/4/2006,4/10/2006,2
20060328,CA,91.62,7.83,0.55,0,0,0,3/28/2006,4/3/2006,2
20060321,CA,83.59,15.86,0.55,0,0,0,3/21/2006,3/27/2006,2
20060314,CA,83.59,15.9,0.52,0,0,0,3/14/2006,3/20/2006,2
20060307,CA,78.18,21.3,0.52,0,0,0,3/7/2006,3/13/2006,2
20060228,CA,75.86,23.66,0.48,0,0,0,2/28/2006,3/6/2006,2
20060221,CA,84.21,15.79,0,0,0,0,2/21/2006,2/27/2006,2
20060214,CA,86.59,13.41,0,0,0,0,2/14/2006,2/20/2006,2
20060207,CA,86.68,13.32,0,0,0,0,2/7/2006,2/13/2006,2
20060131,CA,97.08,2.92,0,0,0,0,1/31/2006,2/6/2006,2
20060124,CA,97.08,2.92,0,0,0,0,1/24/2006,1/30/2006,2
20060117,CA,97.08,2.92,0,0,0,0,1/17/2006,1/23/2006,2
20060110,CA,96.6,3.4,0,0,0,0,1/10/2006,1/16/2006,2
20060103,CA,98.32,1.68,0,0,0,0,1/3/2006,1/9/2006,2
20051227,CA,93.91,6.09,0,0,0,0,12/27/2005,1/2/2006,2
20051220,CA,93.69,6.31,0,0,0,0,12/20/2005,12/26/2005,2
20051213,CA,90.03,9.97,0,0,0,0,12/13/2005,12/19/2005,2
20051206,CA,90.03,9.97,0,0,0,0,12/6/2005,12/12/2005,2
20051129,CA,75.23,24.77,0,0,0,0,11/29/2005,12/5/2005,2
20051122,CA,99.66,0.34,0,0,0,0,11/22/2005,11/28/2005,2
20051115,CA,99.66,0.34,0,0,0,0,11/15/2005,11/21/2005,2
20051108,CA,99.66,0.34,0,0,0,0,11/8/2005,11/14/2005,2
20051101,CA,99.58,0.42,0,0,0,0,11/1/2005,11/7/2005,2
20051025,CA,99.58,0.42,0,0,0,0,10/25/2005,10/31/2005,2
20051018,CA,99.58,0.42,0,0,0,0,10/18/2005,10/24/2005,2
20051011,CA,99.58,0.42,0,0,0,0,10/11/2005,10/17/2005,2
20051004,CA,99.58,0.42,0,0,0,0,10/4/2005,10/10/2005,2
20050927,CA,99.58,0.42,0,0,0,0,9/27/2005,10/3/2005,2
20050920,CA,99.41,0.54,0.05,0,0,0,9/20/2005,9/26/2005,2
20050913,CA,99.2,0.74,0.06,0,0,0,9/13/2005,9/19/2005,2
20050906,CA,99.2,0.74,0.06,0,0,0,9/6/2005,9/12/2005,2
20050830,CA,98.84,1.1,0.06,0,0,0,8/30/2005,9/5/2005,2
20050823,CA,98.85,1.09,0.06,0,0,0,8/23/2005,8/29/2005,2
20050816,CA,99.04,0.9,0.06,0,0,0,8/16/2005,8/22/2005,2
20050809,CA,99.03,0.91,0.06,0,0,0,8/9/2005,8/15/2005,2
20050802,CA,98.96,0.98,0.06,0,0,0,8/2/2005,8/8/2005,2
20050726,CA,99.01,0.93,0.06,0,0,0,7/26/2005,8/1/2005,2
20050719,CA,99.01,0.93,0.06,0,0,0,7/19/2005,7/25/2005,2
20050712,CA,99.01,0.93,0.06,0,0,0,7/12/2005,7/18/2005,2
20050705,CA,99.01,0.93,0.06,0,0,0,7/5/2005,7/11/2005,2
20050628,CA,99.01,0.93,0.06,0,0,0,6/28/2005,7/4/2005,2
20050621,CA,98.71,1.23,0.06,0,0,0,6/21/2005,6/27/2005,2
20050614,CA,98.48,1.46,0.06,0,0,0,6/14/2005,6/20/2005,2
20050607,CA,98.48,1.46,0.06,0,0,0,6/7/2005,6/13/2005,2
20050531,CA,98.48,1.46,0.06,0,0,0,5/31/2005,6/6/2005,2
20050524,CA,98.48,1.46,0.06,0,0,0,5/24/2005,5/30/2005,2
20050517,CA,98.48,1.46,0.06,0,0,0,5/17/2005,5/23/2005,2
20050510,CA,97,1.91,1.09,0,0,0,5/10/2005,5/16/2005,2
20050503,CA,95.53,2.38,2.09,0,0,0,5/3/2005,5/9/2005,2
20050426,CA,96.16,1.75,2.09,0,0,0,4/26/2005,5/2/2005,2
20050419,CA,96.16,1.75,2.09,0,0,0,4/19/2005,4/25/2005,2
20050412,CA,95.46,1.9,2.6,0.04,0,0,4/12/2005,4/18/2005,2
20050405,CA,94.54,2.83,2.58,0.04,0,0,4/5/2005,4/11/2005,2
20050329,CA,95.35,1.78,2.66,0.21,0,0,3/29/2005,4/4/2005,2
20050322,CA,87.97,9.03,2.79,0.21,0,0,3/22/2005,3/28/2005,2
20050315,CA,87.97,9.03,2.79,0.21,0,0,3/15/2005,3/21/2005,2
20050308,CA,90.12,8.57,1.3,0,0,0,3/8/2005,3/14/2005,2
20050301,CA,90.4,8.38,1.22,0,0,0,3/1/2005,3/7/2005,2
20050222,CA,88.57,10.21,1.22,0,0,0,2/22/2005,2/28/2005,2
20050215,CA,88.57,10.21,1.22,0,0,0,2/15/2005,2/21/2005,2
20050208,CA,89.8,6.11,4.1,0,0,0,2/8/2005,2/14/2005,2
20050201,CA,88.93,6.98,4.1,0,0,0,2/1/2005,2/7/2005,2
20050125,CA,88.24,7.67,3.88,0.21,0,0,1/25/2005,1/31/2005,2
20050118,CA,88.37,7.53,3.88,0.21,0,0,1/18/2005,1/24/2005,2
20050111,CA,83.4,12.5,3.88,0.21,0,0,1/11/2005,1/17/2005,2
20050104,CA,69.05,23.1,6.08,1.77,0,0,1/4/2005,1/10/2005,2
20041228,CA,40.46,30.69,24.87,3.98,0,0,12/28/2004,1/3/2005,2
20041221,CA,32.23,38.4,25.39,3.98,0,0,12/21/2004,12/27/2004,2
20041214,CA,32.23,38.4,25.39,3.98,0,0,12/14/2004,12/20/2004,2
20041207,CA,26.62,44.01,24.53,4.84,0,0,12/7/2004,12/13/2004,2
20041130,CA,26.46,43.33,21.57,8.64,0,0,11/30/2004,12/6/2004,2
20041123,CA,24.23,44.49,22.98,8.3,0,0,11/23/2004,11/29/2004,2
20041116,CA,24.23,44.49,22.98,8.3,0,0,11/16/2004,11/22/2004,2
20041109,CA,20.84,47.87,22.98,8.3,0,0,11/9/2004,11/15/2004,2
20041102,CA,18.41,50.31,20.87,10.42,0,0,11/2/2004,11/8/2004,2
20041026,CA,18.23,41.22,30.13,10.42,0,0,10/26/2004,11/1/2004,2
20041019,CA,12.21,31.97,37.57,18.25,0,0,10/19/2004,10/25/2004,2
20041012,CA,5.41,33.51,39.98,21.1,0,0,10/12/2004,10/18/2004,2
20041005,CA,5.41,33.51,39.98,21.1,0,0,10/5/2004,10/11/2004,2
20040928,CA,5.41,33.51,39.98,21.1,0,0,9/28/2004,10/4/2004,2
20040921,CA,5.26,33.66,39.98,21.1,0,0,9/21/2004,9/27/2004,2
20040914,CA,5.35,33.57,39.98,21.1,0,0,9/14/2004,9/20/2004,2
20040907,CA,5.2,33.5,38.84,22.45,0,0,9/7/2004,9/13/2004,2
20040831,CA,5.1,33.61,38.84,22.45,0,0,8/31/2004,9/6/2004,2
20040824,CA,10.63,28.79,38.8,21.79,0,0,8/24/2004,8/30/2004,2
20040817,CA,10.62,28.79,38.8,21.79,0,0,8/17/2004,8/23/2004,2
20040810,CA,10.62,28.79,35.29,25.3,0,0,8/10/2004,8/16/2004,2
20040803,CA,15.64,32.3,37.09,14.97,0,0,8/3/2004,8/9/2004,2
20040727,CA,14.81,33.13,37.09,14.97,0,0,7/27/2004,8/2/2004,2
20040720,CA,14.81,33.16,42.13,9.89,0,0,7/20/2004,7/26/2004,2
20040713,CA,14.81,33.13,43.74,8.32,0,0,7/13/2004,7/19/2004,2
20040706,CA,14.81,33.13,43.74,8.32,0,0,7/6/2004,7/12/2004,2
20040629,CA,14.64,34.47,43.33,7.57,0,0,6/29/2004,7/5/2004,2
20040622,CA,17.95,31.39,43.1,7.57,0,0,6/22/2004,6/28/2004,2
20040615,CA,17.67,31.91,42.75,7.67,0,0,6/15/2004,6/21/2004,2
20040608,CA,17.67,31.91,42.75,7.67,0,0,6/8/2004,6/14/2004,2
20040601,CA,18.39,31.25,43.7,6.66,0,0,6/1/2004,6/7/2004,2
20040525,CA,16.9,34.78,41.36,6.96,0,0,5/25/2004,5/31/2004,2
20040518,CA,17.07,36.87,39.1,6.96,0,0,5/18/2004,5/24/2004,2
20040511,CA,17.07,36.87,39.1,6.96,0,0,5/11/2004,5/17/2004,2
20040504,CA,16.81,37.14,39.1,6.96,0,0,5/4/2004,5/10/2004,2
20040427,CA,29.21,48.13,15.7,6.96,0,0,4/27/2004,5/3/2004,2
20040420,CA,31.64,49.35,13.22,5.78,0,0,4/20/2004,4/26/2004,2
20040413,CA,31.64,49.35,13.22,5.78,0,0,4/13/2004,4/19/2004,2
20040406,CA,62.08,21.47,11.02,5.43,0,0,4/6/2004,4/12/2004,2
20040330,CA,61.85,20.99,9.22,7.94,0,0,3/30/2004,4/5/2004,2
20040323,CA,74,8.84,9.22,7.94,0,0,3/23/2004,3/29/2004,2
20040316,CA,74,8.84,9.22,7.94,0,0,3/16/2004,3/22/2004,2
20040309,CA,74,8.84,9.22,7.94,0,0,3/9/2004,3/15/2004,2
20040302,CA,74,8.84,9.22,7.94,0,0,3/2/2004,3/8/2004,2
20040224,CA,70.62,12.18,9.42,7.78,0,0,2/24/2004,3/1/2004,2
20040217,CA,67.47,15.33,9.42,7.78,0,0,2/17/2004,2/23/2004,2
20040210,CA,67.47,15.33,9.42,7.78,0,0,2/10/2004,2/16/2004,2
20040203,CA,67.18,15.53,9.51,7.79,0,0,2/3/2004,2/9/2004,2
20040127,CA,67.18,15.53,9.63,7.67,0,0,1/27/2004,2/2/2004,2
20040120,CA,66.01,15.61,10.72,7.67,0,0,1/20/2004,1/26/2004,2
20040113,CA,65.27,11.5,13.72,9.51,0,0,1/13/2004,1/19/2004,2
20040106,CA,69.55,10.17,12.23,8.05,0,0,1/6/2004,1/12/2004,2
20031230,CA,67.34,12.38,10.81,9.46,0,0,12/30/2003,1/5/2004,2
20031223,CA,47.84,20.1,22.26,9.79,0.01,0,12/23/2003,12/29/2003,2
20031216,CA,48.91,20.52,20.82,9.73,0.02,0,12/16/2003,12/22/2003,2
20031209,CA,47.46,22.89,20.78,8.86,0.01,0,12/9/2003,12/15/2003,2
20031202,CA,43.73,25.56,20.86,9.84,0,0,12/2/2003,12/8/2003,2
20031125,CA,46.19,23.12,19.79,10.91,0,0,11/25/2003,12/1/2003,2
20031118,CA,44.56,23.34,20.55,11.53,0.03,0,11/18/2003,11/24/2003,2
20031111,CA,45.87,22.79,21.14,10.2,0,0,11/11/2003,11/17/2003,2
20031104,CA,29.14,37.8,21.99,11.07,0,0,11/4/2003,11/10/2003,2
20031028,CA,6.6,51.23,30.85,11.3,0.02,0,10/28/2003,11/3/2003,2
20031021,CA,26.77,46.74,15.23,11.27,0,0,10/21/2003,10/27/2003,2
20031014,CA,28.25,47.79,14.48,9.48,0,0,10/14/2003,10/20/2003,2
20031007,CA,66.91,7.81,14.63,10.65,0,0,10/7/2003,10/13/2003,2
20030930,CA,67.98,8.16,14.92,8.94,0,0,9/30/2003,10/6/2003,2
20030923,CA,66.92,7.61,14.77,10.71,0,0,9/23/2003,9/29/2003,2
20030916,CA,67.25,7.85,14.72,10.18,0,0,9/16/2003,9/22/2003,2
20030909,CA,65.83,6.65,18.13,9.37,0.01,0,9/9/2003,9/15/2003,2
20030902,CA,65.32,4.13,15.28,15.26,0,0,9/2/2003,9/8/2003,2
20030826,CA,66.8,9.19,10.57,13.43,0.01,0,8/26/2003,9/1/2003,2
20030819,CA,66.81,9.11,11.37,12.7,0,0,8/19/2003,8/25/2003,2
20030812,CA,63.93,11.32,16.37,8.36,0.01,0,8/12/2003,8/18/2003,2
20030805,CA,63.37,10.91,16.63,9.04,0.05,0,8/5/2003,8/11/2003,2
20030729,CA,63.9,11.34,16.33,8.41,0.03,0,7/29/2003,8/4/2003,2
20030722,CA,62.96,11.01,17.14,8.88,0.01,0,7/22/2003,7/28/2003,2
20030715,CA,62.14,12.59,16.09,9.19,0,0,7/15/2003,7/21/2003,2
20030708,CA,62.41,11.87,16.34,9.38,0,0,7/8/2003,7/14/2003,2
20030701,CA,63.14,11.8,16.61,8.42,0.03,0,7/1/2003,7/7/2003,2
20030624,CA,64.7,10.07,16.94,8.25,0.04,0,6/24/2003,6/30/2003,2
20030617,CA,63.83,10.32,17.62,8.13,0.1,0,6/17/2003,6/23/2003,2
20030610,CA,63.7,10.58,17.06,8.66,0,0,6/10/2003,6/16/2003,2
20030603,CA,63.32,10.52,17.17,8.99,0,0,6/3/2003,6/9/2003,2
20030527,CA,65.05,9.81,16.75,8.38,0,0,5/27/2003,6/2/2003,2
20030520,CA,64.15,10.84,16.55,8.47,0,0,5/20/2003,5/26/2003,2
20030513,CA,63.81,10.73,17.44,8.03,0,0,5/13/2003,5/19/2003,2
20030506,CA,58.71,11.17,21.79,8.33,0,0,5/6/2003,5/12/2003,2
20030429,CA,59.37,11.17,21.79,7.67,0,0,4/29/2003,5/5/2003,2
20030422,CA,59.72,9.43,22.09,8.72,0.04,0,4/22/2003,4/28/2003,2
20030415,CA,58.56,12.44,18.82,10.12,0.05,0,4/15/2003,4/21/2003,2
20030408,CA,40.13,27.13,21.34,11.22,0.17,0,4/8/2003,4/14/2003,2
20030401,CA,39.64,27.79,21,11.36,0.21,0,4/1/2003,4/7/2003,2
20030325,CA,51.83,16.07,20.77,11.23,0.1,0,3/25/2003,3/31/2003,2
20030318,CA,51.5,15.6,21.35,11.51,0.04,0,3/18/2003,3/24/2003,2
20030311,CA,45.14,21.16,11.86,20.65,1.2,0,3/11/2003,3/17/2003,2
20030304,CA,60.17,9.18,8.84,20.46,1.35,0,3/4/2003,3/10/2003,2
20030225,CA,58.1,7.44,13.84,12.99,7.62,0,2/25/2003,3/3/2003,2
20030218,CA,57.82,7.71,13.78,12.75,7.93,0,2/18/2003,2/24/2003,2
20030211,CA,45.39,15.78,10.51,13.41,14.91,0,2/11/2003,2/17/2003,2
20030204,CA,47.36,20.87,5.98,10.1,15.7,0,2/4/2003,2/10/2003,2
20030128,CA,51.74,18.7,4.32,9.57,15.67,0,1/28/2003,2/3/2003,2
20030121,CA,61.07,9.23,5.5,7.01,17.18,0,1/21/2003,1/27/2003,2
20030114,CA,60.71,8.48,5.42,8.31,17.08,0,1/14/2003,1/20/2003,2
20030107,CA,58.16,9.7,6.72,8.5,16.93,0,1/7/2003,1/13/2003,2
20021231,CA,58.39,9.39,6.17,8.87,17.19,0,12/31/2002,1/6/2003,2
20021224,CA,56.56,10.32,6.83,8.71,17.58,0,12/24/2002,12/30/2002,2
20021217,CA,42.1,22.15,6.63,11.94,17.18,0,12/17/2002,12/23/2002,2
20021210,CA,0,48.26,20.85,13.5,17.39,0,12/10/2002,12/16/2002,2
20021203,CA,5.66,59.08,7.1,10.81,17.35,0,12/3/2002,12/9/2002,2
20021126,CA,4.96,58.89,7.56,7.78,20.81,0,11/26/2002,12/2/2002,2
20021119,CA,5.55,58.58,7.66,7.53,20.68,0,11/19/2002,11/25/2002,2
20021112,CA,5.29,59.52,7.09,7.69,20.41,0,11/12/2002,11/18/2002,2
20021105,CA,0,24.52,28.28,22.72,24.48,0,11/5/2002,11/11/2002,2
20021029,CA,0,27.77,32.82,15.13,24.28,0,10/29/2002,11/4/2002,2
20021022,CA,0,27.99,32.36,15.76,23.89,0,10/22/2002,10/28/2002,2
20021015,CA,0,29.52,30.88,15.96,23.64,0,10/15/2002,10/21/2002,2
20021008,CA,0,29.27,31.07,16.01,23.64,0,10/8/2002,10/14/2002,2
20021001,CA,6.12,42.13,13.56,14.58,23.61,0,10/1/2002,10/7/2002,2
20020924,CA,5.5,38.36,16.5,15.66,23.98,0,9/24/2002,9/30/2002,2
20020917,CA,5.77,38.62,16.22,15.47,23.92,0,9/17/2002,9/23/2002,2
20020910,CA,5.1,39.66,14.79,16.82,23.63,0,9/10/2002,9/16/2002,2
20020903,CA,5.28,38.35,16.44,16.98,22.95,0,9/3/2002,9/9/2002,2
20020827,CA,4.89,38.87,16.24,15.78,24.21,0,8/27/2002,9/2/2002,2
20020820,CA,4.99,38.43,16.26,16.37,23.95,0,8/20/2002,8/26/2002,2
20020813,CA,4.99,38.36,16.63,13.71,26.32,0,8/13/2002,8/19/2002,2
20020806,CA,5.23,38.55,16.17,14,26.05,0,8/6/2002,8/12/2002,2
20020730,CA,4.99,39.66,15.65,15.25,24.45,0,7/30/2002,8/5/2002,2
20020723,CA,5.69,39.01,17.4,14.84,23.07,0,7/23/2002,7/29/2002,2
20020716,CA,6.67,41.78,15.27,13.09,23.2,0,7/16/2002,7/22/2002,2
20020709,CA,6.55,39.88,17.48,20.94,15.15,0,7/9/2002,7/15/2002,2
20020702,CA,7.45,39.25,17.54,22.09,13.67,0,7/2/2002,7/8/2002,2
20020625,CA,7.56,39.45,17.5,22.03,13.46,0,6/25/2002,7/1/2002,2
20020618,CA,18.01,33.77,15.02,24.14,9.07,0,6/18/2002,6/24/2002,2
20020611,CA,17.86,39.79,15.27,22.99,4.09,0,6/11/2002,6/17/2002,2
20020604,CA,17.99,39.95,15.2,22.92,3.93,0,6/4/2002,6/10/2002,2
20020528,CA,19.89,38.31,14.61,23.31,3.87,0,5/28/2002,6/3/2002,2
20020521,CA,53.49,9.67,10.76,25.61,0.45,0,5/21/2002,5/27/2002,2
20020514,CA,53.27,9.41,10.72,26.05,0.55,0,5/14/2002,5/20/2002,2
20020507,CA,53.54,9.33,10.92,25.76,0.45,0,5/7/2002,5/13/2002,2
20020430,CA,53.26,8.86,11.49,25.95,0.45,0,4/30/2002,5/6/2002,2
20020423,CA,52.85,9.17,8.85,29.12,0,0,4/23/2002,4/29/2002,2
20020416,CA,52.61,9.15,8.86,29.37,0,0,4/16/2002,4/22/2002,2
20020409,CA,54.11,10.29,16.51,19.1,0,0,4/9/2002,4/15/2002,2
20020402,CA,55.18,18.05,20.2,6.56,0,0,4/2/2002,4/8/2002,2
20020326,CA,54.83,22.85,20.76,1.56,0,0,3/26/2002,4/1/2002,2
20020319,CA,55.6,22.1,22.3,0,0,0,3/19/2002,3/25/2002,2
20020312,CA,53.35,24.7,21.95,0,0,0,3/12/2002,3/18/2002,2
20020305,CA,52.91,46.8,0.29,0,0,0,3/5/2002,3/11/2002,2
20020226,CA,54.51,45.32,0.17,0,0,0,2/26/2002,3/4/2002,2
20020219,CA,54.76,45.17,0.07,0,0,0,2/19/2002,2/25/2002,2
20020212,CA,53.96,45.76,0.28,0,0,0,2/12/2002,2/18/2002,2
20020205,CA,75.57,24.26,0.16,0,0,0,2/5/2002,2/11/2002,2
20020129,CA,87.79,12.06,0.15,0,0,0,1/29/2002,2/4/2002,2
20020122,CA,87.24,12.65,0.11,0,0,0,1/22/2002,1/28/2002,2
20020115,CA,92.58,7.15,0.27,0,0,0,1/15/2002,1/21/2002,2
20020108,CA,92.84,7.05,0.11,0,0,0,1/8/2002,1/14/2002,2
20020101,CA,77.42,11.5,6.15,4.92,0,0,1/1/2002,1/7/2002,2
20011225,CA,66.53,14.66,8.9,9.92,0,0,12/25/2001,12/31/2001,2
20011218,CA,51.45,18.07,12.59,14.7,3.2,0,12/18/2001,12/24/2001,2
20011211,CA,48.36,21.15,10.4,13.31,6.77,0,12/11/2001,12/17/2001,2
20011204,CA,45.75,19.84,13.01,13.84,7.56,0,12/4/2001,12/10/2001,2
20011127,CA,40.93,13.97,14.46,13.06,17.59,0,11/27/2001,12/3/2001,2
20011120,CA,29.62,22.84,16.89,12.42,18.22,0,11/20/2001,11/26/2001,2
20011113,CA,29.62,22.84,14.84,14.47,18.22,0,11/13/2001,11/19/2001,2
20011106,CA,29.62,22.84,14.84,14.47,18.22,0,11/6/2001,11/12/2001,2
20011030,CA,29.62,22.84,14.84,14.47,18.22,0,10/30/2001,11/5/2001,2
20011023,CA,29.62,22.85,13.95,14.64,18.95,0,10/23/2001,10/29/2001,2
20011016,CA,29.62,22.85,13.95,14.64,18.95,0,10/16/2001,10/22/2001,2
20011009,CA,33.99,18.47,13.95,14.64,18.95,0,10/9/2001,10/15/2001,2
20011002,CA,33.99,18.47,13.97,14.62,18.95,0,10/2/2001,10/8/2001,2
20010925,CA,33.99,18.47,13.95,14.64,18.95,0,9/25/2001,10/1/2001,2
20010918,CA,33.99,18.47,13.95,14.64,18.95,0,9/18/2001,9/24/2001,2
20010911,CA,33.99,18.47,13.95,14.64,18.95,0,9/11/2001,9/17/2001,2
20010904,CA,50.28,13.85,7.61,9.66,18.6,0,9/4/2001,9/10/2001,2
20010828,CA,50.28,13.85,7.61,9.66,18.6,0,8/28/2001,9/3/2001,2
20010821,CA,53,14.84,6.97,8.93,16.26,0,8/21/2001,8/27/2001,2
20010814,CA,54.82,17.99,7.41,9.47,10.31,0,8/14/2001,8/20/2001,2
20010807,CA,54.82,17.99,7.41,10.1,9.69,0,8/7/2001,8/13/2001,2
20010731,CA,54.82,17.99,7.41,10.1,9.69,0,7/31/2001,8/6/2001,2
20010724,CA,54.82,17.99,7.41,10.1,9.69,0,7/24/2001,7/30/2001,2
20010717,CA,55.94,16.86,7.41,10.1,9.69,0,7/17/2001,7/23/2001,2
20010710,CA,56.08,17.23,9.66,7.35,9.69,0,7/10/2001,7/16/2001,2
20010703,CA,42.02,30.38,9.11,13.76,4.72,0,7/3/2001,7/9/2001,2
20010626,CA,46.12,26.29,10.31,16.35,0.93,0,6/26/2001,7/2/2001,2
20010619,CA,46.48,27.55,10.1,15.67,0.2,0,6/19/2001,6/25/2001,2
20010612,CA,49.85,25.81,15.41,8.88,0.05,0,6/12/2001,6/18/2001,2
20010605,CA,49.85,27.76,14.15,8.19,0.05,0,6/5/2001,6/11/2001,2
20010529,CA,59.65,23.12,11.13,6.06,0.04,0,5/29/2001,6/4/2001,2
20010522,CA,59.65,23.12,13.79,3.39,0.05,0,5/22/2001,5/28/2001,2
20010515,CA,59.65,23.12,13.79,3.39,0.05,0,5/15/2001,5/21/2001,2
20010508,CA,66.5,18.79,11.27,3.37,0.07,0,5/8/2001,5/14/2001,2
20010501,CA,66.5,18.79,11.27,2.86,0.58,0,5/1/2001,5/7/2001,2
20010424,CA,66.5,18.79,11.27,2.86,0.58,0,4/24/2001,4/30/2001,2
20010417,CA,66.5,18.79,11.27,2.86,0.58,0,4/17/2001,4/23/2001,2
20010410,CA,74.01,12.88,9.67,2.86,0.58,0,4/10/2001,4/16/2001,2
20010403,CA,69.79,17.28,9.49,2.86,0.58,0,4/3/2001,4/9/2001,2
20010327,CA,73.4,21.95,4.56,0.08,0,0,3/27/2001,4/2/2001,2
20010320,CA,73.4,21.95,4.56,0.08,0,0,3/20/2001,3/26/2001,2
20010313,CA,73.11,23.92,2.97,0,0,0,3/13/2001,3/19/2001,2
20010306,CA,73.11,23.92,2.97,0,0,0,3/6/2001,3/12/2001,2
20010227,CA,73.11,23.93,2.95,0,0,0,2/27/2001,3/5/2001,2
20010220,CA,68.1,29.61,2.28,0,0,0,2/20/2001,2/26/2001,2
20010213,CA,62.95,34.37,2.68,0,0,0,2/13/2001,2/19/2001,2
20010206,CA,63.65,36.35,0,0,0,0,2/6/2001,2/12/2001,2
20010130,CA,80.05,19.95,0,0,0,0,1/30/2001,2/5/2001,2
20010123,CA,74.23,25.77,0,0,0,0,1/23/2001,1/29/2001,2
20010116,CA,85.26,14.74,0,0,0,0,1/16/2001,1/22/2001,2
20010109,CA,56.33,43.67,0,0,0,0,1/9/2001,1/15/2001,2
20010102,CA,69.13,30.87,0,0,0,0,1/2/2001,1/8/2001,2
20001226,CA,100,0,0,0,0,0,12/26/2000,1/1/2001,2
20001219,CA,100,0,0,0,0,0,12/19/2000,12/25/2000,2
20001212,CA,100,0,0,0,0,0,12/12/2000,12/18/2000,2
20001205,CA,100,0,0,0,0,0,12/5/2000,12/11/2000,2
20001128,CA,100,0,0,0,0,0,11/28/2000,12/4/2000,2
20001121,CA,100,0,0,0,0,0,11/21/2000,11/27/2000,2
20001114,CA,100,0,0,0,0,0,11/14/2000,11/20/2000,2
20001107,CA,100,0,0,0,0,0,11/7/2000,11/13/2000,2
20001031,CA,100,0,0,0,0,0,10/31/2000,11/6/2000,2
20001024,CA,88.15,11.85,0,0,0,0,10/24/2000,10/30/2000,2
20001017,CA,84.08,15.92,0,0,0,0,10/17/2000,10/23/2000,2
20001010,CA,87.3,12.7,0,0,0,0,10/10/2000,10/16/2000,2
20001003,CA,87.3,12.7,0,0,0,0,10/3/2000,10/9/2000,2
20000926,CA,87.3,12.7,0,0,0,0,9/26/2000,10/2/2000,2
20000919,CA,87.82,12.18,0,0,0,0,9/19/2000,9/25/2000,2
20000912,CA,87.82,12.18,0,0,0,0,9/12/2000,9/18/2000,2
20000905,CA,87.82,12.18,0,0,0,0,9/5/2000,9/11/2000,2
20000829,CA,77.21,22.79,0,0,0,0,8/29/2000,9/4/2000,2
20000822,CA,75.09,23.92,0.99,0,0,0,8/22/2000,8/28/2000,2
20000815,CA,75.09,23.18,1.72,0,0,0,8/15/2000,8/21/2000,2
20000808,CA,87.98,12.02,0,0,0,0,8/8/2000,8/14/2000,2
20000801,CA,92.39,7.61,0,0,0,0,8/1/2000,8/7/2000,2
20000725,CA,92.39,7.61,0,0,0,0,7/25/2000,7/31/2000,2
20000718,CA,100,0,0,0,0,0,7/18/2000,7/24/2000,2
20000711,CA,100,0,0,0,0,0,7/11/2000,7/17/2000,2
20000704,CA,100,0,0,0,0,0,7/4/2000,7/10/2000,2
20000627,CA,100,0,0,0,0,0,6/27/2000,7/3/2000,2
20000620,CA,100,0,0,0,0,0,6/20/2000,6/26/2000,2
20000613,CA,100,0,0,0,0,0,6/13/2000,6/19/2000,2
20000606,CA,100,0,0,0,0,0,6/6/2000,6/12/2000,2
20000530,CA,100,0,0,0,0,0,5/30/2000,6/5/2000,2
20000523,CA,100,0,0,0,0,0,5/23/2000,5/29/2000,2
20000516,CA,100,0,0,0,0,0,5/16/2000,5/22/2000,2
20000509,CA,100,0,0,0,0,0,5/9/2000,5/15/2000,2
20000502,CA,100,0,0,0,0,0,5/2/2000,5/8/2000,2
20000425,CA,100,0,0,0,0,0,4/25/2000,5/1/2000,2
20000418,CA,95.93,4.07,0,0,0,0,4/18/2000,4/24/2000,2
